2026-08-09 01:57:51,423 INFO Processing C:\SmartContracts\smartbugs-wild\contracts\0x0000000000027f6d87be8ade118d9ee56767d993.sol
2026-08-09 01:58:46,657 INFO Compiler 0.4.23 (SUCCESS)
2026-08-09 01:58:46,657 INFO Slither start: C:\SmartContracts\smartbugs-wild\contracts\0x0000000000027f6d87be8ade118d9ee56767d993.sol
2026-08-09 01:58:53,789 ERROR Slither failure: Detector: events-access
Claimable.transferOwnership(address) (../smartbugs-wild/contracts/0x0000000000027f6d87be8ade118d9ee56767d993.sol#67-69) should emit an event for: 
	- pendingOwner = newOwner (../smartbugs-wild/contracts/0x0000000000027f6d87be8ade118d9ee56767d993.sol#68) 
Reference: https://github.com/crytic/slither/wiki/Detector-Documentation#missing-events-access-control

Detector: missing-zero-check
Claimable.transferOwnership(address).newOwner (../smartbugs-wild/contracts/0x0000000000027f6d87be8ade118d9ee56767d993.sol#67) lacks a zero-check on :
		- pendingOwner = newOwner (../smartbugs-wild/contracts/0x0000000000027f6d87be8ade118d9ee56767d993.sol#68)
Reference: https://github.com/crytic/slither/wiki/Detector-Documentation#missing-zero-address-validation

Detector: solc-version
Version constraint ^0.4.23 contains known severe issues (https://solidity.readthedocs.io/en/latest/bugs.html)
	- DirtyBytesArrayToStorage
	- ABIDecodeTwoDimensionalArrayMemory
	- KeccakCaching
	- EmptyByteArrayCopy
	- DynamicArrayCleanup
	- ImplicitConstructorCallvalueCheck
	- TupleAssignmentMultiStackSlotComponents
	- MemoryArrayCreationOverflow
	- privateCanBeOverridden
	- SignedArrayStorageCopy
	- ABIEncoderV2StorageArrayWithMultiSlotElement
	- DynamicConstructorArgumentsClippedABIV2
	- UninitializedFunctionPointerInConstructor_0.4.x
	- IncorrectEventSignatureInLibraries_0.4.x
	- ABIEncoderV2PackedStorage_0.4.x
	- ExpExponentCleanup
	- EventStructWrongData.
It is used by:
	- ^0.4.23 (../smartbugs-wild/contracts/0x0000000000027f6d87be8ade118d9ee56767d993.sol#1)
solc-0.4.23 is an outdated solc version. Use a more recent version (at least 0.8.0), if possible.
Reference: https://github.com/crytic/slither/wiki/Detector-Documentation#incorrect-versions-of-solidity

Detector: naming-convention
Parameter GlobalPause.pauseAllTokens(bool,string)._status (../smartbugs-wild/contracts/0x0000000000027f6d87be8ade118d9ee56767d993.sol#92) is not in mixedCase
Parameter GlobalPause.pauseAllTokens(bool,string)._notice (../smartbugs-wild/contracts/0x0000000000027f6d87be8ade118d9ee56767d993.sol#92) is not in mixedCase
Reference: https://github.com/crytic/slither/wiki/Detector-Documentation#conformance-to-solidity-naming-conventions

Detector: external-function
pauseAllTokens(bool,string) should be declared external:
	- GlobalPause.pauseAllTokens(bool,string) (../smartbugs-wild/contracts/0x0000000000027f6d87be8ade118d9ee56767d993.sol#92-95)
Reference: https://github.com/crytic/slither/wiki/Detector-Documentation#public-function-that-could-be-declared-external
C:\SmartContracts\smartbugs-wild\contracts\0x0000000000027f6d87be8ade118d9ee56767d993.sol analyzed (3 contracts with 102 detectors), 7 result(s) found
2026-08-09 01:58:53,796 INFO Processing C:\SmartContracts\smartbugs-wild\contracts\0x0000000000085d4780b73119b644ae5ecd22b376.sol
2026-08-09 01:58:54,803 INFO Compiler 0.4.23 (SUCCESS)
2026-08-09 01:58:54,803 INFO Slither start: C:\SmartContracts\smartbugs-wild\contracts\0x0000000000085d4780b73119b644ae5ecd22b376.sol
2026-08-09 01:58:57,752 ERROR Slither failure: Detector: constant-function-asm
UpgradeabilityProxy.implementation() (../smartbugs-wild/contracts/0x0000000000085d4780b73119b644ae5ecd22b376.sol#61-66) is declared view but contains assembly code
OwnedUpgradeabilityProxy.proxyOwner() (../smartbugs-wild/contracts/0x0000000000085d4780b73119b644ae5ecd22b376.sol#143-148) is declared view but contains assembly code
OwnedUpgradeabilityProxy.pendingProxyOwner() (../smartbugs-wild/contracts/0x0000000000085d4780b73119b644ae5ecd22b376.sol#154-159) is declared view but contains assembly code
Reference: https://github.com/crytic/slither/wiki/Detector-Documentation#constant-functions-using-assembly-code

Detector: locked-ether
Contract locking ether found:
	Contract OwnedUpgradeabilityProxy (../smartbugs-wild/contracts/0x0000000000085d4780b73119b644ae5ecd22b376.sol#97-209) has payable functions:
	 - Proxy.fallback() (../smartbugs-wild/contracts/0x0000000000085d4780b73119b644ae5ecd22b376.sol#23-38)
	But does not have a function to withdraw the ether
Reference: https://github.com/crytic/slither/wiki/Detector-Documentation#contracts-that-lock-ether

Detector: shadowing-local
OwnedUpgradeabilityProxy.upgradeTo(address).implementation (../smartbugs-wild/contracts/0x0000000000085d4780b73119b644ae5ecd22b376.sol#205) shadows:
	- UpgradeabilityProxy.implementation() (../smartbugs-wild/contracts/0x0000000000085d4780b73119b644ae5ecd22b376.sol#61-66) (function)
	- Proxy.implementation() (../smartbugs-wild/contracts/0x0000000000085d4780b73119b644ae5ecd22b376.sol#17) (function)
Reference: https://github.com/crytic/slither/wiki/Detector-Documentation#local-variable-shadowing

Detector: assembly
Proxy.fallback() (../smartbugs-wild/contracts/0x0000000000085d4780b73119b644ae5ecd22b376.sol#23-38) uses assembly
	- INLINE ASM (../smartbugs-wild/contracts/0x0000000000085d4780b73119b644ae5ecd22b376.sol#27-38)
UpgradeabilityProxy.implementation() (../smartbugs-wild/contracts/0x0000000000085d4780b73119b644ae5ecd22b376.sol#61-66) uses assembly
	- INLINE ASM (../smartbugs-wild/contracts/0x0000000000085d4780b73119b644ae5ecd22b376.sol#63-66)
UpgradeabilityProxy._setImplementation(address) (../smartbugs-wild/contracts/0x0000000000085d4780b73119b644ae5ecd22b376.sol#72-77) uses assembly
	- INLINE ASM (../smartbugs-wild/contracts/0x0000000000085d4780b73119b644ae5ecd22b376.sol#74-77)
OwnedUpgradeabilityProxy.proxyOwner() (../smartbugs-wild/contracts/0x0000000000085d4780b73119b644ae5ecd22b376.sol#143-148) uses assembly
	- INLINE ASM (../smartbugs-wild/contracts/0x0000000000085d4780b73119b644ae5ecd22b376.sol#145-148)
OwnedUpgradeabilityProxy.pendingProxyOwner() (../smartbugs-wild/contracts/0x0000000000085d4780b73119b644ae5ecd22b376.sol#154-159) uses assembly
	- INLINE ASM (../smartbugs-wild/contracts/0x0000000000085d4780b73119b644ae5ecd22b376.sol#156-159)
OwnedUpgradeabilityProxy._setUpgradeabilityOwner(address) (../smartbugs-wild/contracts/0x0000000000085d4780b73119b644ae5ecd22b376.sol#164-169) uses assembly
	- INLINE ASM (../smartbugs-wild/contracts/0x0000000000085d4780b73119b644ae5ecd22b376.sol#166-169)
OwnedUpgradeabilityProxy._setPendingUpgradeabilityOwner(address) (../smartbugs-wild/contracts/0x0000000000085d4780b73119b644ae5ecd22b376.sol#174-179) uses assembly
	- INLINE ASM (../smartbugs-wild/contracts/0x0000000000085d4780b73119b644ae5ecd22b376.sol#176-179)
Reference: https://github.com/crytic/slither/wiki/Detector-Documentation#assembly-usage

Detector: solc-version
Version constraint ^0.4.23 contains known severe issues (https://solidity.readthedocs.io/en/latest/bugs.html)
	- DirtyBytesArrayToStorage
	- ABIDecodeTwoDimensionalArrayMemory
	- KeccakCaching
	- EmptyByteArrayCopy
	- DynamicArrayCleanup
	- ImplicitConstructorCallvalueCheck
	- TupleAssignmentMultiStackSlotComponents
	- MemoryArrayCreationOverflow
	- privateCanBeOverridden
	- SignedArrayStorageCopy
	- ABIEncoderV2StorageArrayWithMultiSlotElement
	- DynamicConstructorArgumentsClippedABIV2
	- UninitializedFunctionPointerInConstructor_0.4.x
	- IncorrectEventSignatureInLibraries_0.4.x
	- ABIEncoderV2PackedStorage_0.4.x
	- ExpExponentCleanup
	- EventStructWrongData.
It is used by:
	- ^0.4.23 (../smartbugs-wild/contracts/0x0000000000085d4780b73119b644ae5ecd22b376.sol#1)
solc-0.4.23 is an outdated solc version. Use a more recent version (at least 0.8.0), if possible.
Reference: https://github.com/crytic/slither/wiki/Detector-Documentation#incorrect-versions-of-solidity

Detector: naming-convention
Constant UpgradeabilityProxy.implementationPosition (../smartbugs-wild/contracts/0x0000000000085d4780b73119b644ae5ecd22b376.sol#55) is not in UPPER_CASE_WITH_UNDERSCORES
Constant OwnedUpgradeabilityProxy.proxyOwnerPosition (../smartbugs-wild/contracts/0x0000000000085d4780b73119b644ae5ecd22b376.sol#113) is not in UPPER_CASE_WITH_UNDERSCORES
Constant OwnedUpgradeabilityProxy.pendingProxyOwnerPosition (../smartbugs-wild/contracts/0x0000000000085d4780b73119b644ae5ecd22b376.sol#114) is not in UPPER_CASE_WITH_UNDERSCORES
Reference: https://github.com/crytic/slither/wiki/Detector-Documentation#conformance-to-solidity-naming-conventions

Detector: unindexed-event-address
Event OwnedUpgradeabilityProxy.NewPendingOwner(address,address) (../smartbugs-wild/contracts/0x0000000000085d4780b73119b644ae5ecd22b376.sol#110) has address parameters but no indexed parameters
Reference: https://github.com/crytic/slither/wiki/Detector-Documentation#unindexed-event-address-parameters
C:\SmartContracts\smartbugs-wild\contracts\0x0000000000085d4780b73119b644ae5ecd22b376.sol analyzed (3 contracts with 102 detectors), 18 result(s) found
2026-08-09 01:58:57,762 INFO Processing C:\SmartContracts\smartbugs-wild\contracts\0x00000000000da14c27c155bb7c1ac9bd7519eb3b.sol
2026-08-09 01:58:59,002 INFO Compiler 0.4.23 (SUCCESS)
2026-08-09 01:58:59,002 INFO Slither start: C:\SmartContracts\smartbugs-wild\contracts\0x00000000000da14c27c155bb7c1ac9bd7519eb3b.sol
2026-08-09 01:59:02,231 ERROR Slither failure: Detector: reentrancy-events
Reentrancy in DepositAddressRegistrar.registerDepositAddress() (../smartbugs-wild/contracts/0x00000000000da14c27c155bb7c1ac9bd7519eb3b.sol#20-25):
	External calls:
	- require(bool,string)(! registry.hasAttribute(shiftedAddress,IS_DEPOSIT_ADDRESS),deposit address already registered) (../smartbugs-wild/contracts/0x00000000000da14c27c155bb7c1ac9bd7519eb3b.sol#22)
	- registry.setAttributeValue(shiftedAddress,IS_DEPOSIT_ADDRESS,uint256(msg.sender)) (../smartbugs-wild/contracts/0x00000000000da14c27c155bb7c1ac9bd7519eb3b.sol#23)
	Event emitted after the call(s):
	- DepositAddressRegistered(msg.sender) (../smartbugs-wild/contracts/0x00000000000da14c27c155bb7c1ac9bd7519eb3b.sol#24)
Reference: https://github.com/crytic/slither/wiki/Detector-Documentation#reentrancy-vulnerabilities-4

Detector: solc-version
Version constraint ^0.4.23 contains known severe issues (https://solidity.readthedocs.io/en/latest/bugs.html)
	- DirtyBytesArrayToStorage
	- ABIDecodeTwoDimensionalArrayMemory
	- KeccakCaching
	- EmptyByteArrayCopy
	- DynamicArrayCleanup
	- ImplicitConstructorCallvalueCheck
	- TupleAssignmentMultiStackSlotComponents
	- MemoryArrayCreationOverflow
	- privateCanBeOverridden
	- SignedArrayStorageCopy
	- ABIEncoderV2StorageArrayWithMultiSlotElement
	- DynamicConstructorArgumentsClippedABIV2
	- UninitializedFunctionPointerInConstructor_0.4.x
	- IncorrectEventSignatureInLibraries_0.4.x
	- ABIEncoderV2PackedStorage_0.4.x
	- ExpExponentCleanup
	- EventStructWrongData.
It is used by:
	- ^0.4.23 (../smartbugs-wild/contracts/0x00000000000da14c27c155bb7c1ac9bd7519eb3b.sol#1)
solc-0.4.23 is an outdated solc version. Use a more recent version (at least 0.8.0), if possible.
Reference: https://github.com/crytic/slither/wiki/Detector-Documentation#incorrect-versions-of-solidity

Detector: unindexed-event-address
Event DepositAddressRegistrar.DepositAddressRegistered(address) (../smartbugs-wild/contracts/0x00000000000da14c27c155bb7c1ac9bd7519eb3b.sol#14) has address parameters but no indexed parameters
Reference: https://github.com/crytic/slither/wiki/Detector-Documentation#unindexed-event-address-parameters
C:\SmartContracts\smartbugs-wild\contracts\0x00000000000da14c27c155bb7c1ac9bd7519eb3b.sol analyzed (2 contracts with 102 detectors), 4 result(s) found
2026-08-09 01:59:02,240 INFO Processing C:\SmartContracts\smartbugs-wild\contracts\0x00000000000fe8503db73c68f1a1874eb9d86883.sol
2026-08-09 02:00:00,133 INFO Compiler 0.5.0 (SUCCESS)
2026-08-09 02:00:00,133 INFO Slither start: C:\SmartContracts\smartbugs-wild\contracts\0x00000000000fe8503db73c68f1a1874eb9d86883.sol
2026-08-09 02:00:06,499 ERROR Slither failure: Detector: shadowing-local
PingAnToken.initialize(address)._owner (../smartbugs-wild/contracts/0x00000000000fe8503db73c68f1a1874eb9d86883.sol#776) shadows:
	- Ownable._owner (../smartbugs-wild/contracts/0x00000000000fe8503db73c68f1a1874eb9d86883.sol#12) (state variable)
Reference: https://github.com/crytic/slither/wiki/Detector-Documentation#local-variable-shadowing

Detector: events-access
Ownable.transferOwnership(address) (../smartbugs-wild/contracts/0x00000000000fe8503db73c68f1a1874eb9d86883.sol#68-70) should emit an event for: 
	- _pendingOwner = _newOwner (../smartbugs-wild/contracts/0x00000000000fe8503db73c68f1a1874eb9d86883.sol#69) 
Reference: https://github.com/crytic/slither/wiki/Detector-Documentation#missing-events-access-control

Detector: missing-zero-check
Ownable.transferOwnership(address)._newOwner (../smartbugs-wild/contracts/0x00000000000fe8503db73c68f1a1874eb9d86883.sol#68) lacks a zero-check on :
		- _pendingOwner = _newOwner (../smartbugs-wild/contracts/0x00000000000fe8503db73c68f1a1874eb9d86883.sol#69)
Reference: https://github.com/crytic/slither/wiki/Detector-Documentation#missing-zero-address-validation

Detector: reentrancy-events
Reentrancy in ERC20StandardToken.approve(address,uint256) (../smartbugs-wild/contracts/0x00000000000fe8503db73c68f1a1874eb9d86883.sol#340-348):
	External calls:
	- tokenStore.setAllowance(msg.sender,_spender,_value) (../smartbugs-wild/contracts/0x00000000000fe8503db73c68f1a1874eb9d86883.sol#345)
	Event emitted after the call(s):
	- Approval(msg.sender,_spender,_value) (../smartbugs-wild/contracts/0x00000000000fe8503db73c68f1a1874eb9d86883.sol#346)
Reentrancy in BurnableToken.burn(uint256) (../smartbugs-wild/contracts/0x00000000000fe8503db73c68f1a1874eb9d86883.sol#687-695):
	External calls:
	- tokenStore.subBalance(msg.sender,_value) (../smartbugs-wild/contracts/0x00000000000fe8503db73c68f1a1874eb9d86883.sol#690)
	- tokenStore.subTotalSupply(_value) (../smartbugs-wild/contracts/0x00000000000fe8503db73c68f1a1874eb9d86883.sol#691)
	Event emitted after the call(s):
	- Burn(msg.sender,_value) (../smartbugs-wild/contracts/0x00000000000fe8503db73c68f1a1874eb9d86883.sol#692)
	- Transfer(msg.sender,address(0),_value) (../smartbugs-wild/contracts/0x00000000000fe8503db73c68f1a1874eb9d86883.sol#693)
Reentrancy in BlacklistableToken.changeBlacklist(address,uint256) (../smartbugs-wild/contracts/0x00000000000fe8503db73c68f1a1874eb9d86883.sol#630-633):
	External calls:
	- blacklistStore.setBlacklist(_account,_status) (../smartbugs-wild/contracts/0x00000000000fe8503db73c68f1a1874eb9d86883.sol#631)
	Event emitted after the call(s):
	- Blacklist(_account,_status) (../smartbugs-wild/contracts/0x00000000000fe8503db73c68f1a1874eb9d86883.sol#632)
Reentrancy in ERC20StandardToken.changeTokenName(string,string) (../smartbugs-wild/contracts/0x00000000000fe8503db73c68f1a1874eb9d86883.sol#302-305):
	External calls:
	- tokenStore.changeTokenName(_name,_symbol) (../smartbugs-wild/contracts/0x00000000000fe8503db73c68f1a1874eb9d86883.sol#303)
	Event emitted after the call(s):
	- ChangeTokenName(_name,_symbol) (../smartbugs-wild/contracts/0x00000000000fe8503db73c68f1a1874eb9d86883.sol#304)
Reentrancy in ERC20StandardToken.decreaseApproval(address,uint256) (../smartbugs-wild/contracts/0x00000000000fe8503db73c68f1a1874eb9d86883.sol#380-388):
	External calls:
	- tokenStore.subAllowance(msg.sender,_spender,_subtractedValue) (../smartbugs-wild/contracts/0x00000000000fe8503db73c68f1a1874eb9d86883.sol#385)
	Event emitted after the call(s):
	- Approval(msg.sender,_spender,tokenStore.allowed(msg.sender,_spender)) (../smartbugs-wild/contracts/0x00000000000fe8503db73c68f1a1874eb9d86883.sol#386)
Reentrancy in ERC20StandardToken.increaseApproval(address,uint256) (../smartbugs-wild/contracts/0x00000000000fe8503db73c68f1a1874eb9d86883.sol#360-368):
	External calls:
	- tokenStore.addAllowance(msg.sender,_spender,_addedValue) (../smartbugs-wild/contracts/0x00000000000fe8503db73c68f1a1874eb9d86883.sol#365)
	Event emitted after the call(s):
	- Approval(msg.sender,_spender,tokenStore.allowed(msg.sender,_spender)) (../smartbugs-wild/contracts/0x00000000000fe8503db73c68f1a1874eb9d86883.sol#366)
Reentrancy in MintableToken.mint(address,uint256) (../smartbugs-wild/contracts/0x00000000000fe8503db73c68f1a1874eb9d86883.sol#741-751):
	External calls:
	- tokenStore.addTotalSupply(_value) (../smartbugs-wild/contracts/0x00000000000fe8503db73c68f1a1874eb9d86883.sol#746)
	- tokenStore.addBalance(_to,_value) (../smartbugs-wild/contracts/0x00000000000fe8503db73c68f1a1874eb9d86883.sol#747)
	Event emitted after the call(s):
	- Mint(msg.sender,_to,_value) (../smartbugs-wild/contracts/0x00000000000fe8503db73c68f1a1874eb9d86883.sol#748)
	- Transfer(address(0),_to,_value) (../smartbugs-wild/contracts/0x00000000000fe8503db73c68f1a1874eb9d86883.sol#749)
Reentrancy in ERC20StandardToken.transfer(address,uint256) (../smartbugs-wild/contracts/0x00000000000fe8503db73c68f1a1874eb9d86883.sol#414-423):
	External calls:
	- tokenStore.subBalance(msg.sender,_value) (../smartbugs-wild/contracts/0x00000000000fe8503db73c68f1a1874eb9d86883.sol#419)
	- tokenStore.addBalance(_to,_value) (../smartbugs-wild/contracts/0x00000000000fe8503db73c68f1a1874eb9d86883.sol#420)
	Event emitted after the call(s):
	- Transfer(msg.sender,_to,_value) (../smartbugs-wild/contracts/0x00000000000fe8503db73c68f1a1874eb9d86883.sol#421)
Reentrancy in ERC20StandardToken.transferFrom(address,address,uint256) (../smartbugs-wild/contracts/0x00000000000fe8503db73c68f1a1874eb9d86883.sol#396-407):
	External calls:
	- tokenStore.subAllowance(_from,msg.sender,_value) (../smartbugs-wild/contracts/0x00000000000fe8503db73c68f1a1874eb9d86883.sol#402)
	- tokenStore.subBalance(_from,_value) (../smartbugs-wild/contracts/0x00000000000fe8503db73c68f1a1874eb9d86883.sol#403)
	- tokenStore.addBalance(_to,_value) (../smartbugs-wild/contracts/0x00000000000fe8503db73c68f1a1874eb9d86883.sol#404)
	Event emitted after the call(s):
	- Transfer(_from,_to,_value) (../smartbugs-wild/contracts/0x00000000000fe8503db73c68f1a1874eb9d86883.sol#405)
Reference: https://github.com/crytic/slither/wiki/Detector-Documentation#reentrancy-vulnerabilities-4

Detector: solc-version
Version constraint 0.5.0 contains known severe issues (https://solidity.readthedocs.io/en/latest/bugs.html)
	- DirtyBytesArrayToStorage
	- ABIDecodeTwoDimensionalArrayMemory
	- KeccakCaching
	- EmptyByteArrayCopy
	- DynamicArrayCleanup
	- ImplicitConstructorCallvalueCheck
	- TupleAssignmentMultiStackSlotComponents
	- MemoryArrayCreationOverflow
	- privateCanBeOverridden
	- SignedArrayStorageCopy
	- ABIEncoderV2StorageArrayWithMultiSlotElement
	- DynamicConstructorArgumentsClippedABIV2
	- UninitializedFunctionPointerInConstructor
	- IncorrectEventSignatureInLibraries
	- ABIEncoderV2PackedStorage.
It is used by:
	- 0.5.0 (../smartbugs-wild/contracts/0x00000000000fe8503db73c68f1a1874eb9d86883.sol#3)
	- 0.5.0 (../smartbugs-wild/contracts/0x00000000000fe8503db73c68f1a1874eb9d86883.sol#85)
	- 0.5.0 (../smartbugs-wild/contracts/0x00000000000fe8503db73c68f1a1874eb9d86883.sol#124)
	- 0.5.0 (../smartbugs-wild/contracts/0x00000000000fe8503db73c68f1a1874eb9d86883.sol#192)
	- 0.5.0 (../smartbugs-wild/contracts/0x00000000000fe8503db73c68f1a1874eb9d86883.sol#254)
	- 0.5.0 (../smartbugs-wild/contracts/0x00000000000fe8503db73c68f1a1874eb9d86883.sol#279)
	- 0.5.0 (../smartbugs-wild/contracts/0x00000000000fe8503db73c68f1a1874eb9d86883.sol#429)
	- 0.5.0 (../smartbugs-wild/contracts/0x00000000000fe8503db73c68f1a1874eb9d86883.sol#532)
	- 0.5.0 (../smartbugs-wild/contracts/0x00000000000fe8503db73c68f1a1874eb9d86883.sol#552)
	- 0.5.0 (../smartbugs-wild/contracts/0x00000000000fe8503db73c68f1a1874eb9d86883.sol#675)
	- 0.5.0 (../smartbugs-wild/contracts/0x00000000000fe8503db73c68f1a1874eb9d86883.sol#701)
	- 0.5.0 (../smartbugs-wild/contracts/0x00000000000fe8503db73c68f1a1874eb9d86883.sol#757)
solc-0.5.0 is an outdated solc version. Use a more recent version (at least 0.8.0), if possible.
Reference: https://github.com/crytic/slither/wiki/Detector-Documentation#incorrect-versions-of-solidity

Detector: naming-convention
Parameter Ownable.setOwner(address)._newOwner (../smartbugs-wild/contracts/0x00000000000fe8503db73c68f1a1874eb9d86883.sol#60) is not in mixedCase
Parameter Ownable.transferOwnership(address)._newOwner (../smartbugs-wild/contracts/0x00000000000fe8503db73c68f1a1874eb9d86883.sol#68) is not in mixedCase
Parameter Operable.updateOperator(address)._newOperator (../smartbugs-wild/contracts/0x00000000000fe8503db73c68f1a1874eb9d86883.sol#114) is not in mixedCase
Parameter TokenStore.changeTokenName(string,string)._name (../smartbugs-wild/contracts/0x00000000000fe8503db73c68f1a1874eb9d86883.sol#209) is not in mixedCase
Parameter TokenStore.changeTokenName(string,string)._symbol (../smartbugs-wild/contracts/0x00000000000fe8503db73c68f1a1874eb9d86883.sol#209) is not in mixedCase
Parameter TokenStore.addBalance(address,uint256)._holder (../smartbugs-wild/contracts/0x00000000000fe8503db73c68f1a1874eb9d86883.sol#214) is not in mixedCase
Parameter TokenStore.addBalance(address,uint256)._value (../smartbugs-wild/contracts/0x00000000000fe8503db73c68f1a1874eb9d86883.sol#214) is not in mixedCase
Parameter TokenStore.subBalance(address,uint256)._holder (../smartbugs-wild/contracts/0x00000000000fe8503db73c68f1a1874eb9d86883.sol#218) is not in mixedCase
Parameter TokenStore.subBalance(address,uint256)._value (../smartbugs-wild/contracts/0x00000000000fe8503db73c68f1a1874eb9d86883.sol#218) is not in mixedCase
Parameter TokenStore.setBalance(address,uint256)._holder (../smartbugs-wild/contracts/0x00000000000fe8503db73c68f1a1874eb9d86883.sol#222) is not in mixedCase
Parameter TokenStore.setBalance(address,uint256)._value (../smartbugs-wild/contracts/0x00000000000fe8503db73c68f1a1874eb9d86883.sol#222) is not in mixedCase
Parameter TokenStore.addAllowance(address,address,uint256)._holder (../smartbugs-wild/contracts/0x00000000000fe8503db73c68f1a1874eb9d86883.sol#226) is not in mixedCase
Parameter TokenStore.addAllowance(address,address,uint256)._spender (../smartbugs-wild/contracts/0x00000000000fe8503db73c68f1a1874eb9d86883.sol#226) is not in mixedCase
Parameter TokenStore.addAllowance(address,address,uint256)._value (../smartbugs-wild/contracts/0x00000000000fe8503db73c68f1a1874eb9d86883.sol#226) is not in mixedCase
Parameter TokenStore.subAllowance(address,address,uint256)._holder (../smartbugs-wild/contracts/0x00000000000fe8503db73c68f1a1874eb9d86883.sol#230) is not in mixedCase
Parameter TokenStore.subAllowance(address,address,uint256)._spender (../smartbugs-wild/contracts/0x00000000000fe8503db73c68f1a1874eb9d86883.sol#230) is not in mixedCase
Parameter TokenStore.subAllowance(address,address,uint256)._value (../smartbugs-wild/contracts/0x00000000000fe8503db73c68f1a1874eb9d86883.sol#230) is not in mixedCase
Parameter TokenStore.setAllowance(address,address,uint256)._holder (../smartbugs-wild/contracts/0x00000000000fe8503db73c68f1a1874eb9d86883.sol#234) is not in mixedCase
Parameter TokenStore.setAllowance(address,address,uint256)._spender (../smartbugs-wild/contracts/0x00000000000fe8503db73c68f1a1874eb9d86883.sol#234) is not in mixedCase
Parameter TokenStore.setAllowance(address,address,uint256)._value (../smartbugs-wild/contracts/0x00000000000fe8503db73c68f1a1874eb9d86883.sol#234) is not in mixedCase
Parameter TokenStore.addTotalSupply(uint256)._value (../smartbugs-wild/contracts/0x00000000000fe8503db73c68f1a1874eb9d86883.sol#238) is not in mixedCase
Parameter TokenStore.subTotalSupply(uint256)._value (../smartbugs-wild/contracts/0x00000000000fe8503db73c68f1a1874eb9d86883.sol#242) is not in mixedCase
Parameter TokenStore.setTotalSupply(uint256)._value (../smartbugs-wild/contracts/0x00000000000fe8503db73c68f1a1874eb9d86883.sol#246) is not in mixedCase
Parameter ERC20StandardToken.setTokenStore(address)._newTokenStore (../smartbugs-wild/contracts/0x00000000000fe8503db73c68f1a1874eb9d86883.sol#296) is not in mixedCase
Parameter ERC20StandardToken.changeTokenName(string,string)._name (../smartbugs-wild/contracts/0x00000000000fe8503db73c68f1a1874eb9d86883.sol#302) is not in mixedCase
Parameter ERC20StandardToken.changeTokenName(string,string)._symbol (../smartbugs-wild/contracts/0x00000000000fe8503db73c68f1a1874eb9d86883.sol#302) is not in mixedCase
Parameter ERC20StandardToken.balanceOf(address)._holder (../smartbugs-wild/contracts/0x00000000000fe8503db73c68f1a1874eb9d86883.sol#311) is not in mixedCase
Parameter ERC20StandardToken.allowance(address,address)._holder (../smartbugs-wild/contracts/0x00000000000fe8503db73c68f1a1874eb9d86883.sol#315) is not in mixedCase
Parameter ERC20StandardToken.allowance(address,address)._spender (../smartbugs-wild/contracts/0x00000000000fe8503db73c68f1a1874eb9d86883.sol#315) is not in mixedCase
Parameter ERC20StandardToken.approve(address,uint256)._spender (../smartbugs-wild/contracts/0x00000000000fe8503db73c68f1a1874eb9d86883.sol#341) is not in mixedCase
Parameter ERC20StandardToken.approve(address,uint256)._value (../smartbugs-wild/contracts/0x00000000000fe8503db73c68f1a1874eb9d86883.sol#342) is not in mixedCase
Parameter ERC20StandardToken.increaseApproval(address,uint256)._spender (../smartbugs-wild/contracts/0x00000000000fe8503db73c68f1a1874eb9d86883.sol#361) is not in mixedCase
Parameter ERC20StandardToken.increaseApproval(address,uint256)._addedValue (../smartbugs-wild/contracts/0x00000000000fe8503db73c68f1a1874eb9d86883.sol#362) is not in mixedCase
Parameter ERC20StandardToken.decreaseApproval(address,uint256)._spender (../smartbugs-wild/contracts/0x00000000000fe8503db73c68f1a1874eb9d86883.sol#381) is not in mixedCase
Parameter ERC20StandardToken.decreaseApproval(address,uint256)._subtractedValue (../smartbugs-wild/contracts/0x00000000000fe8503db73c68f1a1874eb9d86883.sol#382) is not in mixedCase
Parameter ERC20StandardToken.transferFrom(address,address,uint256)._from (../smartbugs-wild/contracts/0x00000000000fe8503db73c68f1a1874eb9d86883.sol#397) is not in mixedCase
Parameter ERC20StandardToken.transferFrom(address,address,uint256)._to (../smartbugs-wild/contracts/0x00000000000fe8503db73c68f1a1874eb9d86883.sol#398) is not in mixedCase
Parameter ERC20StandardToken.transferFrom(address,address,uint256)._value (../smartbugs-wild/contracts/0x00000000000fe8503db73c68f1a1874eb9d86883.sol#399) is not in mixedCase
Parameter ERC20StandardToken.transfer(address,uint256)._to (../smartbugs-wild/contracts/0x00000000000fe8503db73c68f1a1874eb9d86883.sol#415) is not in mixedCase
Parameter ERC20StandardToken.transfer(address,uint256)._value (../smartbugs-wild/contracts/0x00000000000fe8503db73c68f1a1874eb9d86883.sol#416) is not in mixedCase
Parameter PausableToken.updatePauser(address)._newPauser (../smartbugs-wild/contracts/0x00000000000fe8503db73c68f1a1874eb9d86883.sol#486) is not in mixedCase
Parameter PausableToken.approve(address,uint256)._spender (../smartbugs-wild/contracts/0x00000000000fe8503db73c68f1a1874eb9d86883.sol#493) is not in mixedCase
Parameter PausableToken.approve(address,uint256)._value (../smartbugs-wild/contracts/0x00000000000fe8503db73c68f1a1874eb9d86883.sol#494) is not in mixedCase
Parameter PausableToken.increaseApproval(address,uint256)._spender (../smartbugs-wild/contracts/0x00000000000fe8503db73c68f1a1874eb9d86883.sol#500) is not in mixedCase
Parameter PausableToken.increaseApproval(address,uint256)._addedValue (../smartbugs-wild/contracts/0x00000000000fe8503db73c68f1a1874eb9d86883.sol#501) is not in mixedCase
Parameter PausableToken.decreaseApproval(address,uint256)._spender (../smartbugs-wild/contracts/0x00000000000fe8503db73c68f1a1874eb9d86883.sol#507) is not in mixedCase
Parameter PausableToken.decreaseApproval(address,uint256)._subtractedValue (../smartbugs-wild/contracts/0x00000000000fe8503db73c68f1a1874eb9d86883.sol#508) is not in mixedCase
Parameter PausableToken.transferFrom(address,address,uint256)._from (../smartbugs-wild/contracts/0x00000000000fe8503db73c68f1a1874eb9d86883.sol#514) is not in mixedCase
Parameter PausableToken.transferFrom(address,address,uint256)._to (../smartbugs-wild/contracts/0x00000000000fe8503db73c68f1a1874eb9d86883.sol#515) is not in mixedCase
Parameter PausableToken.transferFrom(address,address,uint256)._value (../smartbugs-wild/contracts/0x00000000000fe8503db73c68f1a1874eb9d86883.sol#516) is not in mixedCase
Parameter PausableToken.transfer(address,uint256)._to (../smartbugs-wild/contracts/0x00000000000fe8503db73c68f1a1874eb9d86883.sol#522) is not in mixedCase
Parameter PausableToken.transfer(address,uint256)._value (../smartbugs-wild/contracts/0x00000000000fe8503db73c68f1a1874eb9d86883.sol#523) is not in mixedCase
Parameter BlacklistStore.setBlacklist(address,uint256)._account (../smartbugs-wild/contracts/0x00000000000fe8503db73c68f1a1874eb9d86883.sol#544) is not in mixedCase
Parameter BlacklistStore.setBlacklist(address,uint256)._status (../smartbugs-wild/contracts/0x00000000000fe8503db73c68f1a1874eb9d86883.sol#544) is not in mixedCase
Parameter BlacklistableToken.setBlacklistStore(address)._newblacklistStore (../smartbugs-wild/contracts/0x00000000000fe8503db73c68f1a1874eb9d86883.sol#600) is not in mixedCase
Parameter BlacklistableToken.updateBlacklister(address)._newBlacklister (../smartbugs-wild/contracts/0x00000000000fe8503db73c68f1a1874eb9d86883.sol#610) is not in mixedCase
Parameter BlacklistableToken.queryBlacklist(address)._account (../smartbugs-wild/contracts/0x00000000000fe8503db73c68f1a1874eb9d86883.sol#621) is not in mixedCase
Parameter BlacklistableToken.changeBlacklist(address,uint256)._account (../smartbugs-wild/contracts/0x00000000000fe8503db73c68f1a1874eb9d86883.sol#630) is not in mixedCase
Parameter BlacklistableToken.changeBlacklist(address,uint256)._status (../smartbugs-wild/contracts/0x00000000000fe8503db73c68f1a1874eb9d86883.sol#630) is not in mixedCase
Parameter BlacklistableToken.approve(address,uint256)._spender (../smartbugs-wild/contracts/0x00000000000fe8503db73c68f1a1874eb9d86883.sol#636) is not in mixedCase
Parameter BlacklistableToken.approve(address,uint256)._value (../smartbugs-wild/contracts/0x00000000000fe8503db73c68f1a1874eb9d86883.sol#637) is not in mixedCase
Parameter BlacklistableToken.increaseApproval(address,uint256)._spender (../smartbugs-wild/contracts/0x00000000000fe8503db73c68f1a1874eb9d86883.sol#643) is not in mixedCase
Parameter BlacklistableToken.increaseApproval(address,uint256)._addedValue (../smartbugs-wild/contracts/0x00000000000fe8503db73c68f1a1874eb9d86883.sol#644) is not in mixedCase
Parameter BlacklistableToken.decreaseApproval(address,uint256)._spender (../smartbugs-wild/contracts/0x00000000000fe8503db73c68f1a1874eb9d86883.sol#650) is not in mixedCase
Parameter BlacklistableToken.decreaseApproval(address,uint256)._subtractedValue (../smartbugs-wild/contracts/0x00000000000fe8503db73c68f1a1874eb9d86883.sol#651) is not in mixedCase
Parameter BlacklistableToken.transferFrom(address,address,uint256)._from (../smartbugs-wild/contracts/0x00000000000fe8503db73c68f1a1874eb9d86883.sol#657) is not in mixedCase
Parameter BlacklistableToken.transferFrom(address,address,uint256)._to (../smartbugs-wild/contracts/0x00000000000fe8503db73c68f1a1874eb9d86883.sol#658) is not in mixedCase
Parameter BlacklistableToken.transferFrom(address,address,uint256)._value (../smartbugs-wild/contracts/0x00000000000fe8503db73c68f1a1874eb9d86883.sol#659) is not in mixedCase
Parameter BlacklistableToken.transfer(address,uint256)._to (../smartbugs-wild/contracts/0x00000000000fe8503db73c68f1a1874eb9d86883.sol#665) is not in mixedCase
Parameter BlacklistableToken.transfer(address,uint256)._value (../smartbugs-wild/contracts/0x00000000000fe8503db73c68f1a1874eb9d86883.sol#666) is not in mixedCase
Parameter BurnableToken.burn(uint256)._value (../smartbugs-wild/contracts/0x00000000000fe8503db73c68f1a1874eb9d86883.sol#688) is not in mixedCase
Parameter MintableToken.updateMinter(address)._newMinter (../smartbugs-wild/contracts/0x00000000000fe8503db73c68f1a1874eb9d86883.sol#729) is not in mixedCase
Parameter MintableToken.mint(address,uint256)._to (../smartbugs-wild/contracts/0x00000000000fe8503db73c68f1a1874eb9d86883.sol#742) is not in mixedCase
Parameter MintableToken.mint(address,uint256)._value (../smartbugs-wild/contracts/0x00000000000fe8503db73c68f1a1874eb9d86883.sol#743) is not in mixedCase
Parameter PingAnToken.initialize(address)._owner (../smartbugs-wild/contracts/0x00000000000fe8503db73c68f1a1874eb9d86883.sol#776) is not in mixedCase
Reference: https://github.com/crytic/slither/wiki/Detector-Documentation#conformance-to-solidity-naming-conventions

Detector: constable-states
TokenStore.decimals (../smartbugs-wild/contracts/0x00000000000fe8503db73c68f1a1874eb9d86883.sol#204) should be constant 
Reference: https://github.com/crytic/slither/wiki/Detector-Documentation#state-variables-that-could-be-declared-constant

Detector: external-function
changeTokenName(string,string) should be declared external:
	- TokenStore.changeTokenName(string,string) (../smartbugs-wild/contracts/0x00000000000fe8503db73c68f1a1874eb9d86883.sol#209-212)
Moreover, the following function parameters should change its data location:
_name location should be calldata
_symbol location should be calldata
changeTokenName(string,string) should be declared external:
	- ERC20StandardToken.changeTokenName(string,string) (../smartbugs-wild/contracts/0x00000000000fe8503db73c68f1a1874eb9d86883.sol#302-305)
Moreover, the following function parameters should change its data location:
_name location should be calldata
_symbol location should be calldata
Reference: https://github.com/crytic/slither/wiki/Detector-Documentation#public-function-that-could-be-declared-external
C:\SmartContracts\smartbugs-wild\contracts\0x00000000000fe8503db73c68f1a1874eb9d86883.sol analyzed (12 contracts with 102 detectors), 92 result(s) found
2026-08-09 02:00:06,513 INFO Processing C:\SmartContracts\smartbugs-wild\contracts\0x00000000002b13cccec913420a21e4d11b2dcd3c.sol
2026-08-09 02:00:58,707 INFO Compiler 0.5.6 (SUCCESS)
2026-08-09 02:00:58,707 INFO Slither start: C:\SmartContracts\smartbugs-wild\contracts\0x00000000002b13cccec913420a21e4d11b2dcd3c.sol
2026-08-09 02:01:02,960 ERROR Slither failure: Detector: locked-ether
Contract locking ether found:
	Contract Metapod (../smartbugs-wild/contracts/0x00000000002b13cccec913420a21e4d11b2dcd3c.sol#45-610) has payable functions:
	 - Metapod.deploy(uint96,bytes) (../smartbugs-wild/contracts/0x00000000002b13cccec913420a21e4d11b2dcd3c.sol#146-191)
	But does not have a function to withdraw the ether
Reference: https://github.com/crytic/slither/wiki/Detector-Documentation#contracts-that-lock-ether

Detector: unchecked-lowlevel
Metapod.destroy(uint96) (../smartbugs-wild/contracts/0x00000000002b13cccec913420a21e4d11b2dcd3c.sol#201-215) ignores return value by metamorphicContract.call() (../smartbugs-wild/contracts/0x00000000002b13cccec913420a21e4d11b2dcd3c.sol#211)
Metapod._triggerVaultFundsRelease(bytes32) (../smartbugs-wild/contracts/0x00000000002b13cccec913420a21e4d11b2dcd3c.sol#468-508) ignores return value by vaultContract.call() (../smartbugs-wild/contracts/0x00000000002b13cccec913420a21e4d11b2dcd3c.sol#505)
Reference: https://github.com/crytic/slither/wiki/Detector-Documentation#unchecked-low-level-calls

Detector: reentrancy-benign
Reentrancy in Metapod.deploy(uint96,bytes) (../smartbugs-wild/contracts/0x00000000002b13cccec913420a21e4d11b2dcd3c.sol#146-191):
	External calls:
	- vaultContract = _triggerVaultFundsRelease(salt) (../smartbugs-wild/contracts/0x00000000002b13cccec913420a21e4d11b2dcd3c.sol#157)
		- vaultContract.call() (../smartbugs-wild/contracts/0x00000000002b13cccec913420a21e4d11b2dcd3c.sol#505)
	State variables written after the call(s):
	- delete _initCode (../smartbugs-wild/contracts/0x00000000002b13cccec913420a21e4d11b2dcd3c.sol#187)
Reentrancy in Metapod.recover(uint96) (../smartbugs-wild/contracts/0x00000000002b13cccec913420a21e4d11b2dcd3c.sol#226-267):
	External calls:
	- _triggerVaultFundsRelease(salt) (../smartbugs-wild/contracts/0x00000000002b13cccec913420a21e4d11b2dcd3c.sol#231)
		- vaultContract.call() (../smartbugs-wild/contracts/0x00000000002b13cccec913420a21e4d11b2dcd3c.sol#505)
	State variables written after the call(s):
	- _initCode = abi.encodePacked(bytes2(0x5873),msg.sender,bytes13(0x905959593031856108fcf150ff)) (../smartbugs-wild/contracts/0x00000000002b13cccec913420a21e4d11b2dcd3c.sol#234-239)
	- delete _initCode (../smartbugs-wild/contracts/0x00000000002b13cccec913420a21e4d11b2dcd3c.sol#266)
Reference: https://github.com/crytic/slither/wiki/Detector-Documentation#reentrancy-vulnerabilities-3

Detector: reentrancy-events
Reentrancy in Metapod.deploy(uint96,bytes) (../smartbugs-wild/contracts/0x00000000002b13cccec913420a21e4d11b2dcd3c.sol#146-191):
	External calls:
	- vaultContract = _triggerVaultFundsRelease(salt) (../smartbugs-wild/contracts/0x00000000002b13cccec913420a21e4d11b2dcd3c.sol#157)
		- vaultContract.call() (../smartbugs-wild/contracts/0x00000000002b13cccec913420a21e4d11b2dcd3c.sol#505)
	Event emitted after the call(s):
	- Metamorphosed(metamorphicContract,salt) (../smartbugs-wild/contracts/0x00000000002b13cccec913420a21e4d11b2dcd3c.sol#190)
Reentrancy in Metapod.destroy(uint96) (../smartbugs-wild/contracts/0x00000000002b13cccec913420a21e4d11b2dcd3c.sol#201-215):
	External calls:
	- metamorphicContract.call() (../smartbugs-wild/contracts/0x00000000002b13cccec913420a21e4d11b2dcd3c.sol#211)
	Event emitted after the call(s):
	- Cocooned(metamorphicContract,salt) (../smartbugs-wild/contracts/0x00000000002b13cccec913420a21e4d11b2dcd3c.sol#214)
Reference: https://github.com/crytic/slither/wiki/Detector-Documentation#reentrancy-vulnerabilities-4

Detector: assembly
Metapod.deploy(uint96,bytes) (../smartbugs-wild/contracts/0x00000000002b13cccec913420a21e4d11b2dcd3c.sol#146-191) uses assembly
	- INLINE ASM (../smartbugs-wild/contracts/0x00000000002b13cccec913420a21e4d11b2dcd3c.sol#166-178)
Metapod.recover(uint96) (../smartbugs-wild/contracts/0x00000000002b13cccec913420a21e4d11b2dcd3c.sol#226-267) uses assembly
	- INLINE ASM (../smartbugs-wild/contracts/0x00000000002b13cccec913420a21e4d11b2dcd3c.sol#248-260)
Metapod._getSalt(uint96) (../smartbugs-wild/contracts/0x00000000002b13cccec913420a21e4d11b2dcd3c.sol#399-403) uses assembly
	- INLINE ASM (../smartbugs-wild/contracts/0x00000000002b13cccec913420a21e4d11b2dcd3c.sol#400-403)
Metapod._verifyPrelude(address,bytes) (../smartbugs-wild/contracts/0x00000000002b13cccec913420a21e4d11b2dcd3c.sol#431-457) uses assembly
	- INLINE ASM (../smartbugs-wild/contracts/0x00000000002b13cccec913420a21e4d11b2dcd3c.sol#438-449)
Metapod._triggerVaultFundsRelease(bytes32) (../smartbugs-wild/contracts/0x00000000002b13cccec913420a21e4d11b2dcd3c.sol#468-508) uses assembly
	- INLINE ASM (../smartbugs-wild/contracts/0x00000000002b13cccec913420a21e4d11b2dcd3c.sol#487-492)
	- INLINE ASM (../smartbugs-wild/contracts/0x00000000002b13cccec913420a21e4d11b2dcd3c.sol#493-504)
Reference: https://github.com/crytic/slither/wiki/Detector-Documentation#assembly-usage

Detector: solc-version
Version constraint 0.5.6 contains known severe issues (https://solidity.readthedocs.io/en/latest/bugs.html)
	- DirtyBytesArrayToStorage
	- ABIDecodeTwoDimensionalArrayMemory
	- KeccakCaching
	- EmptyByteArrayCopy
	- DynamicArrayCleanup
	- ImplicitConstructorCallvalueCheck
	- TupleAssignmentMultiStackSlotComponents
	- MemoryArrayCreationOverflow
	- privateCanBeOverridden
	- ABIEncoderV2CalldataStructsWithStaticallySizedAndDynamicallyEncodedMembers
	- SignedArrayStorageCopy
	- ABIEncoderV2StorageArrayWithMultiSlotElement
	- DynamicConstructorArgumentsClippedABIV2
	- UninitializedFunctionPointerInConstructor
	- IncorrectEventSignatureInLibraries
	- ABIEncoderV2PackedStorage
	- IncorrectByteInstructionOptimization.
It is used by:
	- 0.5.6 (../smartbugs-wild/contracts/0x00000000002b13cccec913420a21e4d11b2dcd3c.sol#1)
solc-0.5.6 is an outdated solc version. Use a more recent version (at least 0.8.0), if possible.
Reference: https://github.com/crytic/slither/wiki/Detector-Documentation#incorrect-versions-of-solidity

Detector: low-level-calls
Low level call in Metapod.destroy(uint96) (../smartbugs-wild/contracts/0x00000000002b13cccec913420a21e4d11b2dcd3c.sol#201-215):
	- metamorphicContract.call() (../smartbugs-wild/contracts/0x00000000002b13cccec913420a21e4d11b2dcd3c.sol#211)
Low level call in Metapod._triggerVaultFundsRelease(bytes32) (../smartbugs-wild/contracts/0x00000000002b13cccec913420a21e4d11b2dcd3c.sol#468-508):
	- vaultContract.call() (../smartbugs-wild/contracts/0x00000000002b13cccec913420a21e4d11b2dcd3c.sol#505)
Reference: https://github.com/crytic/slither/wiki/Detector-Documentation#low-level-calls

Detector: unindexed-event-address
Event Metapod.Metamorphosed(address,bytes32) (../smartbugs-wild/contracts/0x00000000002b13cccec913420a21e4d11b2dcd3c.sol#47) has address parameters but no indexed parameters
Event Metapod.Cocooned(address,bytes32) (../smartbugs-wild/contracts/0x00000000002b13cccec913420a21e4d11b2dcd3c.sol#50) has address parameters but no indexed parameters
Reference: https://github.com/crytic/slither/wiki/Detector-Documentation#unindexed-event-address-parameters
C:\SmartContracts\smartbugs-wild\contracts\0x00000000002b13cccec913420a21e4d11b2dcd3c.sol analyzed (1 contracts with 102 detectors), 18 result(s) found
2026-08-09 02:02:21,190 INFO Processing C:\SmartContracts\smartbugs-wild\contracts\0x0000000000027f6d87be8ade118d9ee56767d993.sol
2026-08-09 02:02:22,182 INFO Compiler 0.4.23 (SUCCESS)
2026-08-09 02:02:22,182 INFO Slither start: C:\SmartContracts\smartbugs-wild\contracts\0x0000000000027f6d87be8ade118d9ee56767d993.sol
2026-08-09 02:02:24,799 INFO Slither completion; findings=7; seconds=2.607
2026-08-09 02:02:24,804 INFO Processing C:\SmartContracts\smartbugs-wild\contracts\0x0000000000085d4780b73119b644ae5ecd22b376.sol
2026-08-09 02:02:25,823 INFO Compiler 0.4.23 (SUCCESS)
2026-08-09 02:02:25,824 INFO Slither start: C:\SmartContracts\smartbugs-wild\contracts\0x0000000000085d4780b73119b644ae5ecd22b376.sol
2026-08-09 02:02:28,771 INFO Slither completion; findings=18; seconds=2.939
2026-08-09 02:02:28,778 INFO Processing C:\SmartContracts\smartbugs-wild\contracts\0x00000000000da14c27c155bb7c1ac9bd7519eb3b.sol
2026-08-09 02:02:29,674 INFO Compiler 0.4.23 (SUCCESS)
2026-08-09 02:02:29,674 INFO Slither start: C:\SmartContracts\smartbugs-wild\contracts\0x00000000000da14c27c155bb7c1ac9bd7519eb3b.sol
2026-08-09 02:02:32,436 INFO Slither completion; findings=4; seconds=2.754
2026-08-09 02:02:32,443 INFO Processing C:\SmartContracts\smartbugs-wild\contracts\0x00000000000fe8503db73c68f1a1874eb9d86883.sol
2026-08-09 02:02:33,705 INFO Compiler 0.5.0 (SUCCESS)
2026-08-09 02:02:33,705 INFO Slither start: C:\SmartContracts\smartbugs-wild\contracts\0x00000000000fe8503db73c68f1a1874eb9d86883.sol
2026-08-09 02:02:37,637 INFO Slither completion; findings=92; seconds=3.899
2026-08-09 02:02:37,644 INFO Processing C:\SmartContracts\smartbugs-wild\contracts\0x00000000002b13cccec913420a21e4d11b2dcd3c.sol
2026-08-09 02:02:38,687 INFO Compiler 0.5.6 (SUCCESS)
2026-08-09 02:02:38,687 INFO Slither start: C:\SmartContracts\smartbugs-wild\contracts\0x00000000002b13cccec913420a21e4d11b2dcd3c.sol
2026-08-09 02:02:41,381 INFO Slither completion; findings=18; seconds=2.670
2026-08-09 02:08:56,027 INFO Processing C:\SmartContracts\smartbugs-wild\contracts\0x0000000000377d181a0ebd08590c6b399b272000.sol
2026-08-09 02:09:22,611 INFO Compiler 0.4.26 (SUCCESS)
2026-08-09 02:09:22,611 INFO Slither start: C:\SmartContracts\smartbugs-wild\contracts\0x0000000000377d181a0ebd08590c6b399b272000.sol
2026-08-09 02:09:26,317 INFO Slither completion; findings=11; seconds=3.695
2026-08-09 02:09:26,362 INFO Processing C:\SmartContracts\smartbugs-wild\contracts\0x000000000063b99b8036c31e91c64fc89bff9ca7.sol
2026-08-09 02:09:48,893 INFO Compiler 0.5.8 (SUCCESS)
2026-08-09 02:09:48,893 INFO Slither start: C:\SmartContracts\smartbugs-wild\contracts\0x000000000063b99b8036c31e91c64fc89bff9ca7.sol
2026-08-09 02:09:52,554 INFO Slither completion; findings=4; seconds=3.654
2026-08-09 02:09:52,588 INFO Processing C:\SmartContracts\smartbugs-wild\contracts\0x0000000000b3f879cb30fe243b4dfee438691c04.sol
2026-08-09 02:09:53,460 INFO Compiler 0.4.26 (SUCCESS)
2026-08-09 02:09:53,461 INFO Slither start: C:\SmartContracts\smartbugs-wild\contracts\0x0000000000b3f879cb30fe243b4dfee438691c04.sol
2026-08-09 02:09:55,978 INFO Slither completion; findings=18; seconds=2.501
2026-08-09 02:09:56,027 INFO Processing C:\SmartContracts\smartbugs-wild\contracts\0x0000000000c5fd1aef1a9421626cf804086185e9.sol
2026-08-09 02:09:56,933 INFO Compiler 0.4.26 (SUCCESS)
2026-08-09 02:09:56,934 INFO Slither start: C:\SmartContracts\smartbugs-wild\contracts\0x0000000000c5fd1aef1a9421626cf804086185e9.sol
2026-08-09 02:10:00,548 INFO Slither completion; findings=36; seconds=3.565
2026-08-09 02:10:00,595 INFO Processing C:\SmartContracts\smartbugs-wild\contracts\0x00000000037790973600b70888431f463bce360d.sol
2026-08-09 02:10:01,566 INFO Compiler 0.4.26 (SUCCESS)
2026-08-09 02:10:01,566 INFO Slither start: C:\SmartContracts\smartbugs-wild\contracts\0x00000000037790973600b70888431f463bce360d.sol
2026-08-09 02:10:05,275 INFO Slither completion; findings=34; seconds=3.671
2026-08-09 02:10:05,325 INFO Processing C:\SmartContracts\smartbugs-wild\contracts\0x0000000006adbd7c01bc0738cdbfc3932600ad63.sol
2026-08-09 02:10:06,227 INFO Compiler 0.5.8 (SUCCESS)
2026-08-09 02:10:06,228 INFO Slither start: C:\SmartContracts\smartbugs-wild\contracts\0x0000000006adbd7c01bc0738cdbfc3932600ad63.sol
2026-08-09 02:10:08,916 INFO Slither completion; findings=19; seconds=2.671
2026-08-09 02:10:08,991 INFO Processing C:\SmartContracts\smartbugs-wild\contracts\0x000000002bb43c83ece652d161ad0fa862129a2c.sol
2026-08-09 02:10:10,034 INFO Compiler 0.4.26 (SUCCESS)
2026-08-09 02:10:10,034 INFO Slither start: C:\SmartContracts\smartbugs-wild\contracts\0x000000002bb43c83ece652d161ad0fa862129a2c.sol
2026-08-09 02:10:13,339 INFO Slither completion; findings=115; seconds=3.243
2026-08-09 02:10:13,436 INFO Processing C:\SmartContracts\smartbugs-wild\contracts\0x00000000441378008ea67f4284a57932b1c000a5.sol
2026-08-09 02:10:14,504 INFO Compiler 0.4.26 (SUCCESS)
2026-08-09 02:10:14,504 INFO Slither start: C:\SmartContracts\smartbugs-wild\contracts\0x00000000441378008ea67f4284a57932b1c000a5.sol
2026-08-09 02:10:17,065 INFO Slither completion; findings=18; seconds=2.548
2026-08-09 02:10:17,177 INFO Processing C:\SmartContracts\smartbugs-wild\contracts\0x0000000053d411becdb4a82d8603edc6d8b8b3bc.sol
2026-08-09 02:10:18,041 INFO Compiler 0.5.8 (SUCCESS)
2026-08-09 02:10:18,041 INFO Slither start: C:\SmartContracts\smartbugs-wild\contracts\0x0000000053d411becdb4a82d8603edc6d8b8b3bc.sol
2026-08-09 02:10:21,240 INFO Slither completion; findings=36; seconds=3.180
2026-08-09 02:10:21,336 INFO Processing C:\SmartContracts\smartbugs-wild\contracts\0x00000000bbcf7700a1b403c9eb666f350707b900.sol
2026-08-09 02:10:22,302 INFO Compiler 0.4.26 (SUCCESS)
2026-08-09 02:10:22,302 INFO Slither start: C:\SmartContracts\smartbugs-wild\contracts\0x00000000bbcf7700a1b403c9eb666f350707b900.sol
2026-08-09 02:10:24,588 INFO Slither completion; findings=18; seconds=2.276
2026-08-09 02:10:24,685 INFO Processing C:\SmartContracts\smartbugs-wild\contracts\0x00000000e82eb0431756271f0d00cfb143685e7b.sol
2026-08-09 02:10:25,496 INFO Compiler 0.5.6 (SUCCESS)
2026-08-09 02:10:25,496 INFO Slither start: C:\SmartContracts\smartbugs-wild\contracts\0x00000000e82eb0431756271f0d00cfb143685e7b.sol
2026-08-09 02:10:28,333 INFO Slither completion; findings=11; seconds=2.821
2026-08-09 02:10:28,437 INFO Processing C:\SmartContracts\smartbugs-wild\contracts\0x00000000e86b5156e8fd624255bf7a6d722a8f1f.sol
2026-08-09 02:10:29,344 INFO Compiler 0.4.26 (SUCCESS)
2026-08-09 02:10:29,344 INFO Slither start: C:\SmartContracts\smartbugs-wild\contracts\0x00000000e86b5156e8fd624255bf7a6d722a8f1f.sol
2026-08-09 02:10:31,686 INFO Slither completion; findings=10; seconds=2.337
2026-08-09 02:10:31,800 INFO Processing C:\SmartContracts\smartbugs-wild\contracts\0x00000007b0390fc9ca72f534366f5c02d5af5334.sol
2026-08-09 02:10:51,681 INFO Compiler 0.4.25 (SUCCESS)
2026-08-09 02:10:51,681 INFO Slither start: C:\SmartContracts\smartbugs-wild\contracts\0x00000007b0390fc9ca72f534366f5c02d5af5334.sol
2026-08-09 02:10:56,661 INFO Slither completion; findings=13; seconds=4.972
2026-08-09 02:10:56,790 INFO Processing C:\SmartContracts\smartbugs-wild\contracts\0x000000085824f23a070c2474442ed014c0e46b58.sol
2026-08-09 02:10:57,846 INFO Compiler 0.5.8 (SUCCESS)
2026-08-09 02:10:57,846 INFO Slither start: C:\SmartContracts\smartbugs-wild\contracts\0x000000085824f23a070c2474442ed014c0e46b58.sol
2026-08-09 02:11:00,537 INFO Slither completion; findings=13; seconds=2.684
2026-08-09 02:11:00,638 INFO Processing C:\SmartContracts\smartbugs-wild\contracts\0x0000000a9e27410f13dd4818488bf1e706c9a2fe.sol
2026-08-09 02:11:01,551 INFO Compiler 0.4.25 (SUCCESS)
2026-08-09 02:11:01,551 INFO Slither start: C:\SmartContracts\smartbugs-wild\contracts\0x0000000a9e27410f13dd4818488bf1e706c9a2fe.sol
2026-08-09 02:11:04,276 INFO Slither completion; findings=13; seconds=2.716
2026-08-09 02:11:04,407 INFO Processing C:\SmartContracts\smartbugs-wild\contracts\0x0000000fdf9eb269b38e39e058f45d7d0ddb60f9.sol
2026-08-09 02:11:05,274 INFO Compiler 0.5.8 (SUCCESS)
2026-08-09 02:11:05,275 INFO Slither start: C:\SmartContracts\smartbugs-wild\contracts\0x0000000fdf9eb269b38e39e058f45d7d0ddb60f9.sol
2026-08-09 02:11:07,682 INFO Slither completion; findings=2; seconds=2.404
2026-08-09 02:11:07,806 INFO Processing C:\SmartContracts\smartbugs-wild\contracts\0x000000931cf36c464623bb0eefb6b0c205338d67.sol
2026-08-09 02:11:08,704 INFO Compiler 0.4.26 (SUCCESS)
2026-08-09 02:11:08,704 INFO Slither start: C:\SmartContracts\smartbugs-wild\contracts\0x000000931cf36c464623bb0eefb6b0c205338d67.sol
2026-08-09 02:11:13,189 INFO Slither completion; findings=116; seconds=4.441
2026-08-09 02:11:13,309 INFO Processing C:\SmartContracts\smartbugs-wild\contracts\0x000000961d1ac83a67d0ce61612b36f18c10c9b7.sol
2026-08-09 02:11:14,234 INFO Compiler 0.4.26 (SUCCESS)
2026-08-09 02:11:14,234 INFO Slither start: C:\SmartContracts\smartbugs-wild\contracts\0x000000961d1ac83a67d0ce61612b36f18c10c9b7.sol
2026-08-09 02:11:16,686 INFO Slither completion; findings=9; seconds=2.446
2026-08-09 02:11:16,829 INFO Processing C:\SmartContracts\smartbugs-wild\contracts\0x000000c96e715a5b8cd3beaea66bdb749225fa2f.sol
2026-08-09 02:11:17,699 INFO Compiler 0.4.26 (SUCCESS)
2026-08-09 02:11:17,700 INFO Slither start: C:\SmartContracts\smartbugs-wild\contracts\0x000000c96e715a5b8cd3beaea66bdb749225fa2f.sol
2026-08-09 02:11:21,916 INFO Slither completion; findings=116; seconds=4.183
2026-08-09 02:11:22,084 INFO Processing C:\SmartContracts\smartbugs-wild\contracts\0x000000d4e883e304c7f9574ebeecf238eb55a40f.sol
2026-08-09 02:11:23,038 INFO Compiler 0.4.26 (SUCCESS)
2026-08-09 02:11:23,038 INFO Slither start: C:\SmartContracts\smartbugs-wild\contracts\0x000000d4e883e304c7f9574ebeecf238eb55a40f.sol
2026-08-09 02:11:25,531 INFO Slither completion; findings=10; seconds=2.486
2026-08-09 02:11:25,687 INFO Processing C:\SmartContracts\smartbugs-wild\contracts\0x000000eade0fe9269d0412a6055b6f3c5d968488.sol
2026-08-09 02:11:26,532 INFO Compiler 0.4.26 (SUCCESS)
2026-08-09 02:11:26,532 INFO Slither start: C:\SmartContracts\smartbugs-wild\contracts\0x000000eade0fe9269d0412a6055b6f3c5d968488.sol
2026-08-09 02:11:29,057 INFO Slither completion; findings=3; seconds=2.521
2026-08-09 02:11:29,246 INFO Processing C:\SmartContracts\smartbugs-wild\contracts\0x00000100f2a2bd000715001920eb70d229700085.sol
2026-08-09 02:11:30,183 INFO Compiler 0.4.26 (SUCCESS)
2026-08-09 02:11:30,183 INFO Slither start: C:\SmartContracts\smartbugs-wild\contracts\0x00000100f2a2bd000715001920eb70d229700085.sol
2026-08-09 02:11:32,721 INFO Slither completion; findings=18; seconds=2.524
2026-08-09 02:11:32,903 INFO Processing C:\SmartContracts\smartbugs-wild\contracts\0x0000010d23ccfee520c3fb5a5ba9679cb9d83cbe.sol
2026-08-09 02:11:33,852 INFO Compiler 0.4.26 (SUCCESS)
2026-08-09 02:11:33,852 INFO Slither start: C:\SmartContracts\smartbugs-wild\contracts\0x0000010d23ccfee520c3fb5a5ba9679cb9d83cbe.sol
2026-08-09 02:11:36,896 INFO Slither completion; findings=49; seconds=3.005
2026-08-09 02:11:37,081 INFO Processing C:\SmartContracts\smartbugs-wild\contracts\0x000003ed2eb44cded8ade31c01dda60da466b2d1.sol
2026-08-09 02:11:53,595 INFO Compiler 0.4.20 (SUCCESS)
2026-08-09 02:11:53,595 INFO Slither start: C:\SmartContracts\smartbugs-wild\contracts\0x000003ed2eb44cded8ade31c01dda60da466b2d1.sol
2026-08-09 02:11:58,523 INFO Slither completion; findings=56; seconds=4.914
2026-08-09 02:11:58,736 INFO Processing C:\SmartContracts\smartbugs-wild\contracts\0x00000b233566fcc3825f94d68d4fc410f8cb2300.sol
2026-08-09 02:11:59,673 INFO Compiler 0.4.26 (SUCCESS)
2026-08-09 02:11:59,673 INFO Slither start: C:\SmartContracts\smartbugs-wild\contracts\0x00000b233566fcc3825f94d68d4fc410f8cb2300.sol
2026-08-09 02:12:02,094 INFO Slither completion; findings=11; seconds=2.416
2026-08-09 02:12:02,282 INFO Processing C:\SmartContracts\smartbugs-wild\contracts\0x0000610024bae4de00eb00ee7ee8321e4cc900b9.sol
2026-08-09 02:12:03,110 INFO Compiler 0.4.26 (SUCCESS)
2026-08-09 02:12:03,110 INFO Slither start: C:\SmartContracts\smartbugs-wild\contracts\0x0000610024bae4de00eb00ee7ee8321e4cc900b9.sol
2026-08-09 02:12:05,596 INFO Slither completion; findings=17; seconds=2.479
2026-08-09 02:12:05,776 INFO Processing C:\SmartContracts\smartbugs-wild\contracts\0x00006100f7090010005f1bd7ae6122c3c2cf0090.sol
2026-08-09 02:12:06,608 INFO Compiler 0.4.26 (SUCCESS)
2026-08-09 02:12:06,608 INFO Slither start: C:\SmartContracts\smartbugs-wild\contracts\0x00006100f7090010005f1bd7ae6122c3c2cf0090.sol
2026-08-09 02:12:08,943 INFO Slither completion; findings=18; seconds=2.325
2026-08-09 02:12:09,227 INFO Processing C:\SmartContracts\smartbugs-wild\contracts\0x0000852600ceb001e08e00bc008be620d60031f2.sol
2026-08-09 02:12:10,041 INFO Compiler 0.4.26 (SUCCESS)
2026-08-09 02:12:10,042 INFO Slither start: C:\SmartContracts\smartbugs-wild\contracts\0x0000852600ceb001e08e00bc008be620d60031f2.sol
2026-08-09 02:12:12,377 INFO Slither completion; findings=18; seconds=2.329
2026-08-09 02:12:12,565 INFO Processing C:\SmartContracts\smartbugs-wild\contracts\0x00016fab0fa144ca8c1f7ec4cf72e70e52359005.sol
2026-08-09 02:12:13,483 INFO Compiler 0.5.8 (SUCCESS)
2026-08-09 02:12:13,483 INFO Slither start: C:\SmartContracts\smartbugs-wild\contracts\0x00016fab0fa144ca8c1f7ec4cf72e70e52359005.sol
2026-08-09 02:12:15,658 INFO Slither completion; findings=9; seconds=2.163
2026-08-09 02:12:15,865 INFO Processing C:\SmartContracts\smartbugs-wild\contracts\0x0002562b9c0a85ebb92989fc02d6486b3d0ccbeb.sol
2026-08-09 02:12:16,724 INFO Compiler 0.4.26 (SUCCESS)
2026-08-09 02:12:16,724 INFO Slither start: C:\SmartContracts\smartbugs-wild\contracts\0x0002562b9c0a85ebb92989fc02d6486b3d0ccbeb.sol
2026-08-09 02:12:19,136 INFO Slither completion; findings=37; seconds=2.405
2026-08-09 02:12:19,324 INFO Processing C:\SmartContracts\smartbugs-wild\contracts\0x00035ee9a525989c8d566828f20fd1179627602f.sol
2026-08-09 02:12:20,128 INFO Compiler 0.4.26 (SUCCESS)
2026-08-09 02:12:20,128 INFO Slither start: C:\SmartContracts\smartbugs-wild\contracts\0x00035ee9a525989c8d566828f20fd1179627602f.sol
2026-08-09 02:12:22,726 INFO Slither completion; findings=39; seconds=2.582
2026-08-09 02:12:22,933 INFO Processing C:\SmartContracts\smartbugs-wild\contracts\0x00059ae69c1622a7542edc15e8d17b060fe307b6.sol
2026-08-09 02:12:23,841 INFO Compiler 0.4.26 (SUCCESS)
2026-08-09 02:12:23,842 INFO Slither start: C:\SmartContracts\smartbugs-wild\contracts\0x00059ae69c1622a7542edc15e8d17b060fe307b6.sol
2026-08-09 02:12:26,907 INFO Slither completion; findings=45; seconds=3.057
2026-08-09 02:12:27,113 INFO Processing C:\SmartContracts\smartbugs-wild\contracts\0x000621424c60951cb69e9d75d64b79813846d498.sol
2026-08-09 02:12:27,984 INFO Compiler 0.4.26 (SUCCESS)
2026-08-09 02:12:27,984 INFO Slither start: C:\SmartContracts\smartbugs-wild\contracts\0x000621424c60951cb69e9d75d64b79813846d498.sol
2026-08-09 02:12:30,525 INFO Slither completion; findings=18; seconds=2.537
2026-08-09 02:12:30,722 INFO Processing C:\SmartContracts\smartbugs-wild\contracts\0x000983ba1a675327f0940b56c2d49cd9c042dfbf.sol
2026-08-09 02:12:55,116 INFO Compiler 0.4.24 (SUCCESS)
2026-08-09 02:12:55,116 INFO Slither start: C:\SmartContracts\smartbugs-wild\contracts\0x000983ba1a675327f0940b56c2d49cd9c042dfbf.sol
2026-08-09 02:13:03,204 INFO Slither completion; findings=69; seconds=8.049
2026-08-09 02:13:03,738 INFO Processing C:\SmartContracts\smartbugs-wild\contracts\0x000adad69101420129a64715a1a52b7348c5e633.sol
2026-08-09 02:13:05,204 INFO Compiler 0.5.8 (SUCCESS)
2026-08-09 02:13:05,205 INFO Slither start: C:\SmartContracts\smartbugs-wild\contracts\0x000adad69101420129a64715a1a52b7348c5e633.sol
2026-08-09 02:13:08,907 INFO Slither completion; findings=16; seconds=3.691
2026-08-09 02:13:09,411 INFO Processing C:\SmartContracts\smartbugs-wild\contracts\0x000c100050e98c91f9114fa5dd75ce6869bf4f53.sol
2026-08-09 02:13:10,759 INFO Compiler 0.5.8 (SUCCESS)
2026-08-09 02:13:10,759 INFO Slither start: C:\SmartContracts\smartbugs-wild\contracts\0x000c100050e98c91f9114fa5dd75ce6869bf4f53.sol
2026-08-09 02:13:15,619 INFO Slither completion; findings=21; seconds=4.834
2026-08-09 02:13:16,043 INFO Processing C:\SmartContracts\smartbugs-wild\contracts\0x00125893df6ca0792c99601c462764ba5d80268a.sol
2026-08-09 02:13:17,434 INFO Compiler 0.4.26 (SUCCESS)
2026-08-09 02:13:17,435 INFO Slither start: C:\SmartContracts\smartbugs-wild\contracts\0x00125893df6ca0792c99601c462764ba5d80268a.sol
2026-08-09 02:13:20,975 INFO Slither completion; findings=5; seconds=3.531
2026-08-09 02:13:21,568 INFO Processing C:\SmartContracts\smartbugs-wild\contracts\0x0013d3b508a23feeeca45c4c62cc88966fb71aed.sol
2026-08-09 02:13:22,922 INFO Compiler 0.4.26 (SUCCESS)
2026-08-09 02:13:22,923 INFO Slither start: C:\SmartContracts\smartbugs-wild\contracts\0x0013d3b508a23feeeca45c4c62cc88966fb71aed.sol
2026-08-09 02:13:28,871 INFO Slither completion; findings=74; seconds=5.911
2026-08-09 02:13:29,400 INFO Processing C:\SmartContracts\smartbugs-wild\contracts\0x001575786dfa7b9d9d1324ec308785738f80a951.sol
2026-08-09 02:13:30,749 INFO Compiler 0.4.26 (SUCCESS)
2026-08-09 02:13:30,749 INFO Slither start: C:\SmartContracts\smartbugs-wild\contracts\0x001575786dfa7b9d9d1324ec308785738f80a951.sol
2026-08-09 02:13:34,790 INFO Slither completion; findings=19; seconds=4.027
2026-08-09 02:13:35,280 INFO Processing C:\SmartContracts\smartbugs-wild\contracts\0x00195777bed7025e78819156281192c85fb3cf9b.sol
2026-08-09 02:13:36,665 INFO Compiler 0.4.26 (SUCCESS)
2026-08-09 02:13:36,665 INFO Slither start: C:\SmartContracts\smartbugs-wild\contracts\0x00195777bed7025e78819156281192c85fb3cf9b.sol
2026-08-09 02:13:48,653 INFO Slither completion; findings=336; seconds=10.954
2026-08-09 02:13:49,362 INFO Processing C:\SmartContracts\smartbugs-wild\contracts\0x001ea8150f4965195e10e5b5568047e1555a6dcd.sol
2026-08-09 02:13:50,693 INFO Compiler 0.4.26 (SUCCESS)
2026-08-09 02:13:50,694 INFO Slither start: C:\SmartContracts\smartbugs-wild\contracts\0x001ea8150f4965195e10e5b5568047e1555a6dcd.sol
2026-08-09 02:13:54,308 INFO Slither completion; findings=16; seconds=3.585
2026-08-09 02:13:54,924 INFO Processing C:\SmartContracts\smartbugs-wild\contracts\0x001f0aa5da15585e5b2305dbab2bac425ea71007.sol
2026-08-09 02:13:56,411 INFO Compiler 0.4.26 (SUCCESS)
2026-08-09 02:13:56,411 INFO Slither start: C:\SmartContracts\smartbugs-wild\contracts\0x001f0aa5da15585e5b2305dbab2bac425ea71007.sol
2026-08-09 02:14:02,333 INFO Slither completion; findings=29; seconds=5.906
2026-08-09 02:14:03,377 INFO Processing C:\SmartContracts\smartbugs-wild\contracts\0x001f52daa8a4f7b9b26da16baf449c0d270dbe63.sol
2026-08-09 02:14:05,306 INFO Compiler 0.4.26 (SUCCESS)
2026-08-09 02:14:05,306 INFO Slither start: C:\SmartContracts\smartbugs-wild\contracts\0x001f52daa8a4f7b9b26da16baf449c0d270dbe63.sol
2026-08-09 02:14:10,995 INFO Slither completion; findings=48; seconds=5.620
2026-08-09 02:14:12,547 INFO Processing C:\SmartContracts\smartbugs-wild\contracts\0x002036ed3d00736787a31a19b1e28f7a86c72672.sol
2026-08-09 02:14:14,333 INFO Compiler 0.4.26 (SUCCESS)
2026-08-09 02:14:14,333 INFO Slither start: C:\SmartContracts\smartbugs-wild\contracts\0x002036ed3d00736787a31a19b1e28f7a86c72672.sol
2026-08-09 02:14:18,168 INFO Slither completion; findings=20; seconds=3.825
2026-08-09 02:14:18,798 INFO Processing C:\SmartContracts\smartbugs-wild\contracts\0x00214120d3469a74ca586bc9557c0ff8fb09b157.sol
2026-08-09 02:14:20,170 INFO Compiler 0.4.26 (SUCCESS)
2026-08-09 02:14:20,170 INFO Slither start: C:\SmartContracts\smartbugs-wild\contracts\0x00214120d3469a74ca586bc9557c0ff8fb09b157.sol
2026-08-09 02:14:24,097 INFO Slither completion; findings=31; seconds=3.909
2026-08-09 02:14:24,803 INFO Processing C:\SmartContracts\smartbugs-wild\contracts\0x00223f71b749b8754963c41cba62cb61ef106e9c.sol
2026-08-09 02:14:26,162 INFO Compiler 0.4.26 (SUCCESS)
2026-08-09 02:14:26,162 INFO Slither start: C:\SmartContracts\smartbugs-wild\contracts\0x00223f71b749b8754963c41cba62cb61ef106e9c.sol
2026-08-09 02:14:29,928 INFO Slither completion; findings=2; seconds=3.761
2026-08-09 02:14:30,608 INFO Processing C:\SmartContracts\smartbugs-wild\contracts\0x00224d9084fd7cdb4a5ce7740cb1ca0dca6be7a6.sol
2026-08-09 02:14:32,048 INFO Compiler 0.4.26 (SUCCESS)
2026-08-09 02:14:32,048 INFO Slither start: C:\SmartContracts\smartbugs-wild\contracts\0x00224d9084fd7cdb4a5ce7740cb1ca0dca6be7a6.sol
2026-08-09 02:14:36,173 INFO Slither completion; findings=6; seconds=4.115
2026-08-09 02:14:37,359 INFO Processing C:\SmartContracts\smartbugs-wild\contracts\0x0022ee765799c1f836a36612b8c62be098fd0bbb.sol
2026-08-09 02:14:38,869 INFO Compiler 0.4.26 (SUCCESS)
2026-08-09 02:14:38,870 INFO Slither start: C:\SmartContracts\smartbugs-wild\contracts\0x0022ee765799c1f836a36612b8c62be098fd0bbb.sol
2026-08-09 02:14:43,073 INFO Slither completion; findings=9; seconds=4.195
2026-08-09 02:14:43,763 INFO Processing C:\SmartContracts\smartbugs-wild\contracts\0x0027449bf0887ca3e431d263ffdefb244d95b555.sol
2026-08-09 02:14:45,210 INFO Compiler 0.4.26 (SUCCESS)
2026-08-09 02:14:45,210 INFO Slither start: C:\SmartContracts\smartbugs-wild\contracts\0x0027449bf0887ca3e431d263ffdefb244d95b555.sol
2026-08-09 02:14:48,660 INFO Slither completion; findings=9; seconds=3.443
2026-08-09 02:14:49,392 INFO Processing C:\SmartContracts\smartbugs-wild\contracts\0x002842529757eab873cce9c251087e1b993f9200.sol
2026-08-09 02:14:50,733 INFO Compiler 0.4.26 (SUCCESS)
2026-08-09 02:14:50,733 INFO Slither start: C:\SmartContracts\smartbugs-wild\contracts\0x002842529757eab873cce9c251087e1b993f9200.sol
2026-08-09 02:14:54,298 INFO Slither completion; findings=8; seconds=3.557
2026-08-09 02:14:54,967 INFO Processing C:\SmartContracts\smartbugs-wild\contracts\0x00285f9aad90013a782fb6c85584d97f120b54d8.sol
2026-08-09 02:14:56,319 INFO Compiler 0.4.26 (SUCCESS)
2026-08-09 02:14:56,319 INFO Slither start: C:\SmartContracts\smartbugs-wild\contracts\0x00285f9aad90013a782fb6c85584d97f120b54d8.sol
2026-08-09 02:15:00,358 INFO Slither completion; findings=24; seconds=4.028
2026-08-09 02:15:01,297 INFO Processing C:\SmartContracts\smartbugs-wild\contracts\0x002c74b0cd9354ba5464db519cae76d7cfaa070a.sol
2026-08-09 02:15:02,670 INFO Compiler 0.4.26 (SUCCESS)
2026-08-09 02:15:02,670 INFO Slither start: C:\SmartContracts\smartbugs-wild\contracts\0x002c74b0cd9354ba5464db519cae76d7cfaa070a.sol
2026-08-09 02:15:06,415 INFO Slither completion; findings=18; seconds=3.736
2026-08-09 02:15:07,075 INFO Processing C:\SmartContracts\smartbugs-wild\contracts\0x002f06abe6995fd0ea4be011c53bfc989fa53ce0.sol
2026-08-09 02:15:27,728 INFO Compiler 0.4.17 (SUCCESS)
2026-08-09 02:15:27,728 INFO Slither start: C:\SmartContracts\smartbugs-wild\contracts\0x002f06abe6995fd0ea4be011c53bfc989fa53ce0.sol
2026-08-09 02:15:35,038 INFO Slither completion; findings=30; seconds=7.291
2026-08-09 02:15:35,719 INFO Processing C:\SmartContracts\smartbugs-wild\contracts\0x00312b3d7f39f63b15d5b2078f2862249b09338d.sol
2026-08-09 02:15:37,261 INFO Compiler 0.4.26 (SUCCESS)
2026-08-09 02:15:37,262 INFO Slither start: C:\SmartContracts\smartbugs-wild\contracts\0x00312b3d7f39f63b15d5b2078f2862249b09338d.sol
2026-08-09 02:15:41,445 INFO Slither completion; findings=27; seconds=4.175
2026-08-09 02:15:42,122 INFO Processing C:\SmartContracts\smartbugs-wild\contracts\0x0033fb5561719b8b697b604466d6d39308c58191.sol
2026-08-09 02:15:43,474 INFO Compiler 0.4.26 (SUCCESS)
2026-08-09 02:15:43,474 INFO Slither start: C:\SmartContracts\smartbugs-wild\contracts\0x0033fb5561719b8b697b604466d6d39308c58191.sol
2026-08-09 02:15:47,481 INFO Slither completion; findings=32; seconds=3.996
2026-08-09 02:15:48,188 INFO Processing C:\SmartContracts\smartbugs-wild\contracts\0x00346fddca107aec034a367b7324f0d6419bf4b9.sol
2026-08-09 02:15:49,576 INFO Compiler 0.4.26 (SUCCESS)
2026-08-09 02:15:49,576 INFO Slither start: C:\SmartContracts\smartbugs-wild\contracts\0x00346fddca107aec034a367b7324f0d6419bf4b9.sol
2026-08-09 02:15:53,089 INFO Slither completion; findings=14; seconds=3.503
2026-08-09 02:15:53,813 INFO Processing C:\SmartContracts\smartbugs-wild\contracts\0x0035743c08768ad6558b49d751e0215762057754.sol
2026-08-09 02:15:55,135 INFO Compiler 0.4.26 (SUCCESS)
2026-08-09 02:15:55,135 INFO Slither start: C:\SmartContracts\smartbugs-wild\contracts\0x0035743c08768ad6558b49d751e0215762057754.sol
2026-08-09 02:15:59,305 INFO Slither completion; findings=16; seconds=4.159
2026-08-09 02:16:00,065 INFO Processing C:\SmartContracts\smartbugs-wild\contracts\0x00359e48665c081ecba0519cacff26c7ca889296.sol
2026-08-09 02:16:01,578 INFO Compiler 0.4.26 (SUCCESS)
2026-08-09 02:16:01,578 INFO Slither start: C:\SmartContracts\smartbugs-wild\contracts\0x00359e48665c081ecba0519cacff26c7ca889296.sol
2026-08-09 02:16:05,964 INFO Slither completion; findings=20; seconds=4.380
2026-08-09 02:16:06,738 INFO Processing C:\SmartContracts\smartbugs-wild\contracts\0x0036192587fd788b75829fbf79be7f06e4f23b21.sol
2026-08-09 02:16:25,979 INFO Compiler 0.5.2 (SUCCESS)
2026-08-09 02:16:25,979 INFO Slither start: C:\SmartContracts\smartbugs-wild\contracts\0x0036192587fd788b75829fbf79be7f06e4f23b21.sol
2026-08-09 02:16:31,177 INFO Slither completion; findings=18; seconds=5.187
2026-08-09 02:16:31,955 INFO Processing C:\SmartContracts\smartbugs-wild\contracts\0x0039019392b1ea93cd1277f75986fdf2407fe254.sol
2026-08-09 02:16:31,955 INFO Compiler unresolved (FAILED)
2026-08-09 02:16:31,956 ERROR Compiler failure: No usable Solidity compiler constraint in index.csv
2026-08-09 02:16:32,773 INFO Processing C:\SmartContracts\smartbugs-wild\contracts\0x00391d08b3e68e476a774ada379258264eb74485.sol
2026-08-09 02:16:34,303 INFO Compiler 0.4.24 (SUCCESS)
2026-08-09 02:16:34,303 INFO Slither start: C:\SmartContracts\smartbugs-wild\contracts\0x00391d08b3e68e476a774ada379258264eb74485.sol
2026-08-09 02:16:39,316 INFO Slither completion; findings=83; seconds=4.981
2026-08-09 02:16:40,182 INFO Processing C:\SmartContracts\smartbugs-wild\contracts\0x003ad9c18bc279f40632e7e5de2fd213931215d0.sol
2026-08-09 02:16:42,316 INFO Compiler 0.4.26 (SUCCESS)
2026-08-09 02:16:42,316 INFO Slither start: C:\SmartContracts\smartbugs-wild\contracts\0x003ad9c18bc279f40632e7e5de2fd213931215d0.sol
2026-08-09 02:16:52,050 INFO Slither completion; findings=204; seconds=8.937
2026-08-09 02:16:52,986 INFO Processing C:\SmartContracts\smartbugs-wild\contracts\0x003f79d7be15dc1ad90ce00e6ea68f335e2b789b.sol
2026-08-09 02:16:54,432 INFO Compiler 0.4.26 (SUCCESS)
2026-08-09 02:16:54,432 INFO Slither start: C:\SmartContracts\smartbugs-wild\contracts\0x003f79d7be15dc1ad90ce00e6ea68f335e2b789b.sol
2026-08-09 02:16:58,199 INFO Slither completion; findings=19; seconds=3.737
2026-08-09 02:16:59,172 INFO Processing C:\SmartContracts\smartbugs-wild\contracts\0x003ffefefbc4a6f34a62a3ca7b7937a880065bcb.sol
2026-08-09 02:17:00,565 INFO Compiler 0.4.26 (SUCCESS)
2026-08-09 02:17:00,566 INFO Slither start: C:\SmartContracts\smartbugs-wild\contracts\0x003ffefefbc4a6f34a62a3ca7b7937a880065bcb.sol
2026-08-09 02:17:04,725 INFO Slither completion; findings=55; seconds=4.142
2026-08-09 02:17:05,620 INFO Processing C:\SmartContracts\smartbugs-wild\contracts\0x00409ccacd67ab9e476b7f386eb67bf40ccbbcba.sol
2026-08-09 02:17:06,965 INFO Compiler 0.4.24 (SUCCESS)
2026-08-09 02:17:06,965 INFO Slither start: C:\SmartContracts\smartbugs-wild\contracts\0x00409ccacd67ab9e476b7f386eb67bf40ccbbcba.sol
2026-08-09 02:17:10,600 INFO Slither completion; findings=9; seconds=3.628
2026-08-09 02:17:11,539 INFO Processing C:\SmartContracts\smartbugs-wild\contracts\0x00416b9d728069edb0ceb04bc2b203fa7336d1f1.sol
2026-08-09 02:17:12,908 INFO Compiler 0.4.26 (SUCCESS)
2026-08-09 02:17:12,908 INFO Slither start: C:\SmartContracts\smartbugs-wild\contracts\0x00416b9d728069edb0ceb04bc2b203fa7336d1f1.sol
2026-08-09 02:17:17,048 INFO Slither completion; findings=35; seconds=4.102
2026-08-09 02:17:17,961 INFO Processing C:\SmartContracts\smartbugs-wild\contracts\0x0042d589023cfd5a979388f5be6e4abf532ab9af.sol
2026-08-09 02:17:19,363 INFO Compiler 0.4.26 (SUCCESS)
2026-08-09 02:17:19,364 INFO Slither start: C:\SmartContracts\smartbugs-wild\contracts\0x0042d589023cfd5a979388f5be6e4abf532ab9af.sol
2026-08-09 02:17:23,060 INFO Slither completion; findings=19; seconds=3.686
2026-08-09 02:17:23,931 INFO Processing C:\SmartContracts\smartbugs-wild\contracts\0x00430f32b8e77a456d0ab7e6f1dc1b84f4ae62e0.sol
2026-08-09 02:17:25,443 INFO Compiler 0.4.26 (SUCCESS)
2026-08-09 02:17:25,444 INFO Slither start: C:\SmartContracts\smartbugs-wild\contracts\0x00430f32b8e77a456d0ab7e6f1dc1b84f4ae62e0.sol
2026-08-09 02:17:29,505 INFO Slither completion; findings=22; seconds=4.050
2026-08-09 02:17:30,483 INFO Processing C:\SmartContracts\smartbugs-wild\contracts\0x0046f822ef4e6d51a40dd87d34ab1d5f088291a4.sol
2026-08-09 02:17:31,844 INFO Compiler 0.4.26 (SUCCESS)
2026-08-09 02:17:31,844 INFO Slither start: C:\SmartContracts\smartbugs-wild\contracts\0x0046f822ef4e6d51a40dd87d34ab1d5f088291a4.sol
2026-08-09 02:17:35,611 ERROR Slither failure: Traceback (most recent call last):
  File "C:\Users\Sridha\AppData\Local\Programs\Python\Python313\Lib\site-packages\crytic_compile\platform\solc.py", line 639, in _run_solc
    ret: dict = json.loads(stdout)
                ~~~~~~~~~~^^^^^^^^
  File "C:\Users\Sridha\AppData\Local\Programs\Python\Python313\Lib\json\__init__.py", line 346, in loads
    return _default_decoder.decode(s)
           ~~~~~~~~~~~~~~~~~~~~~~~^^^
  File "C:\Users\Sridha\AppData\Local\Programs\Python\Python313\Lib\json\decoder.py", line 345, in decode
    obj, end = self.raw_decode(s, idx=_w(s, 0).end())
               ~~~~~~~~~~~~~~~^^^^^^^^^^^^^^^^^^^^^^^
  File "C:\Users\Sridha\AppData\Local\Programs\Python\Python313\Lib\json\decoder.py", line 363, in raw_decode
    raise JSONDecodeError("Expecting value", s, err.value) from None
json.decoder.JSONDecodeError: Expecting value: line 1 column 1 (char 0)

During handling of the above exception, another exception occurred:

Traceback (most recent call last):
  File "<frozen runpy>", line 198, in _run_module_as_main
  File "<frozen runpy>", line 88, in _run_code
  File "C:\Users\Sridha\AppData\Local\Programs\Python\Python313\Scripts\slither.exe\__main__.py", line 5, in <module>
    sys.exit(main())
             ~~~~^^
  File "C:\Users\Sridha\AppData\Local\Programs\Python\Python313\Lib\site-packages\slither\__main__.py", line 815, in main
    main_impl(all_detector_classes=detectors, all_printer_classes=printers)
    ~~~~~~~~~^^^^^^^^^^^^^^^^^^^^^^^^^^^^^^^^^^^^^^^^^^^^^^^^^^^^^^^^^^^^^^
  File "C:\Users\Sridha\AppData\Local\Programs\Python\Python313\Lib\site-packages\slither\__main__.py", line 936, in main_impl
    ) = process_all(filename, args, detector_classes, printer_classes)
        ~~~~~~~~~~~^^^^^^^^^^^^^^^^^^^^^^^^^^^^^^^^^^^^^^^^^^^^^^^^^^^
  File "C:\Users\Sridha\AppData\Local\Programs\Python\Python313\Lib\site-packages\slither\__main__.py", line 100, in process_all
    compilations = compile_all(target, **vars(args))
  File "C:\Users\Sridha\AppData\Local\Programs\Python\Python313\Lib\site-packages\crytic_compile\crytic_compile.py", line 870, in compile_all
    compilations.append(CryticCompile(target, **kwargs))
                        ~~~~~~~~~~~~~^^^^^^^^^^^^^^^^^^
  File "C:\Users\Sridha\AppData\Local\Programs\Python\Python313\Lib\site-packages\crytic_compile\crytic_compile.py", line 279, in __init__
    self._compile(**kwargs)
    ~~~~~~~~~~~~~^^^^^^^^^^
  File "C:\Users\Sridha\AppData\Local\Programs\Python\Python313\Lib\site-packages\crytic_compile\crytic_compile.py", line 725, in _compile
    self._platform.compile(self, **kwargs)
    ~~~~~~~~~~~~~~~~~~~~~~^^^^^^^^^^^^^^^^
  File "C:\Users\Sridha\AppData\Local\Programs\Python\Python313\Lib\site-packages\crytic_compile\platform\solc.py", line 195, in compile
    targets_json = _get_targets_json(compilation_unit, self._target, **kwargs)
  File "C:\Users\Sridha\AppData\Local\Programs\Python\Python313\Lib\site-packages\crytic_compile\platform\solc.py", line 324, in _get_targets_json
    return _run_solc(
        compilation_unit,
    ...<6 lines>...
        force_legacy_json=force_legacy_json,
    )
  File "C:\Users\Sridha\AppData\Local\Programs\Python\Python313\Lib\site-packages\crytic_compile\platform\solc.py", line 642, in _run_solc
    raise InvalidCompilation(f"Invalid solc compilation {stderr}")
crytic_compile.platform.exceptions.InvalidCompilation: Invalid solc compilation C:\SmartContracts\smartbugs-wild\contracts\0x0046f822ef4e6d51a40dd87d34ab1d5f088291a4.sol:766:45: Warning: "throw" is deprecated in favour of "revert()", "require()" and "assert()".

        if ((_nbytes == 0)||(_nbytes > 32)) throw;


                                            ^---^

C:\SmartContracts\smartbugs-wild\contracts\0x0046f822ef4e6d51a40dd87d34ab1d5f088291a4.sol:856:71: Warning: "throw" is deprecated in favour of "revert()", "require()" and "assert()".

        if ((_proof[0] != "L")||(_proof[1] != "P")||(_proof[2] != 1)) throw;


                                                                      ^---^

C:\SmartContracts\smartbugs-wild\contracts\0x0046f822ef4e6d51a40dd87d34ab1d5f088291a4.sol:859:37: Warning: "throw" is deprecated in favour of "revert()", "require()" and "assert()".

        if (proofVerified == false) throw;


                                    ^---^

C:\SmartContracts\smartbugs-wild\contracts\0x0046f822ef4e6d51a40dd87d34ab1d5f088291a4.sol:933:13: Warning: "throw" is deprecated in favour of "revert()", "require()" and "assert()".

            throw; // Should be a better way?


            ^---^

C:\SmartContracts\smartbugs-wild\contracts\0x0046f822ef4e6d51a40dd87d34ab1d5f088291a4.sol:1129:3: Warning: Defining constructors as functions with the same name as the contract is deprecated. Use "constructor(...) { ... }" instead.

  function ETH500on719() public payable {


  ^ (Relevant source part starts here and spans across multiple lines).

C:\SmartContracts\smartbugs-wild\contracts\0x0046f822ef4e6d51a40dd87d34ab1d5f088291a4.sol:780:50: Warning: "sha3" has been deprecated in favour of "keccak256"

        oraclize_randomDS_setCommitment(queryId, sha3(bytes8(_delay), args[1], sha256(args[0]), args[2]));


                                                 ^-----------------------------------------------------^

C:\SmartContracts\smartbugs-wild\contracts\0x0046f822ef4e6d51a40dd87d34ab1d5f088291a4.sol:780:50: Warning: This function only accepts a single "bytes" argument. Please use "abi.encodePacked(...)" or a similar function to encode the data.

        oraclize_randomDS_setCommitment(queryId, sha3(bytes8(_delay), args[1], sha256(args[0]), args[2]));


                                                 ^-----------------------------------------------------^

C:\SmartContracts\smartbugs-wild\contracts\0x0046f822ef4e6d51a40dd87d34ab1d5f088291a4.sol:812:21: Warning: "sha3" has been deprecated in favour of "keccak256"

        if (address(sha3(pubkey)) == signer) return true;


                    ^----------^

C:\SmartContracts\smartbugs-wild\contracts\0x0046f822ef4e6d51a40dd87d34ab1d5f088291a4.sol:815:29: Warning: "sha3" has been deprecated in favour of "keccak256"

            return (address(sha3(pubkey)) == signer);


                            ^----------^

C:\SmartContracts\smartbugs-wild\contracts\0x0046f822ef4e6d51a40dd87d34ab1d5f088291a4.sol:830:22: Warning: Decimal literal assigned to bytesXX variable will be left-aligned. Use an explicit conversion to silence this warning.

        tosign2[0] = 1; //role


                     ^

C:\SmartContracts\smartbugs-wild\contracts\0x0046f822ef4e6d51a40dd87d34ab1d5f088291a4.sol:890:15: Warning: "sha3" has been deprecated in favour of "keccak256"

        if (!(sha3(keyhash) == sha3(sha256(context_name, queryId)))) return false;


              ^-----------^

C:\SmartContracts\smartbugs-wild\contracts\0x0046f822ef4e6d51a40dd87d34ab1d5f088291a4.sol:890:37: Warning: This function only accepts a single "bytes" argument. Please use "abi.encodePacked(...)" or a similar function to encode the data.

        if (!(sha3(keyhash) == sha3(sha256(context_name, queryId)))) return false;


                                    ^---------------------------^

C:\SmartContracts\smartbugs-wild\contracts\0x0046f822ef4e6d51a40dd87d34ab1d5f088291a4.sol:890:32: Warning: "sha3" has been deprecated in favour of "keccak256"

        if (!(sha3(keyhash) == sha3(sha256(context_name, queryId)))) return false;


                               ^---------------------------------^

C:\SmartContracts\smartbugs-wild\contracts\0x0046f822ef4e6d51a40dd87d34ab1d5f088291a4.sol:890:32: Warning: This function only accepts a single "bytes" argument. Please use "abi.encodePacked(...)" or a similar function to encode the data.

        if (!(sha3(keyhash) == sha3(sha256(context_name, queryId)))) return false;


                               ^---------------------------------^

C:\SmartContracts\smartbugs-wild\contracts\0x0046f822ef4e6d51a40dd87d34ab1d5f088291a4.sol:890:32: Warning: The provided argument of type bytes32 is not implicitly convertible to expected type bytes memory.

        if (!(sha3(keyhash) == sha3(sha256(context_name, queryId)))) return false;


                               ^---------------------------------^

C:\SmartContracts\smartbugs-wild\contracts\0x0046f822ef4e6d51a40dd87d34ab1d5f088291a4.sol:908:48: Warning: "sha3" has been deprecated in favour of "keccak256"

        if (oraclize_randomDS_args[queryId] == sha3(commitmentSlice1, sessionPubkeyHash)){ //unonce, nbytes and sessionKeyHash match


                                               ^---------------------------------------^

C:\SmartContracts\smartbugs-wild\contracts\0x0046f822ef4e6d51a40dd87d34ab1d5f088291a4.sol:908:48: Warning: This function only accepts a single "bytes" argument. Please use "abi.encodePacked(...)" or a similar function to encode the data.

        if (oraclize_randomDS_args[queryId] == sha3(commitmentSlice1, sessionPubkeyHash)){ //unonce, nbytes and sessionKeyHash match


                                               ^---------------------------------------^

C:\SmartContracts\smartbugs-wild\contracts\0x0046f822ef4e6d51a40dd87d34ab1d5f088291a4.sol:1208:9: Warning: This function only accepts a single "bytes" argument. Please use "abi.encodePacked(...)" or a similar function to encode the data.

    if (keccak256(result) != keccak256("0") && keccak256(result) != keccak256("1")) {


        ^---------------^

C:\SmartContracts\smartbugs-wild\contracts\0x0046f822ef4e6d51a40dd87d34ab1d5f088291a4.sol:1208:9: Warning: The provided argument of type string memory is not implicitly convertible to expected type bytes memory.

    if (keccak256(result) != keccak256("0") && keccak256(result) != keccak256("1")) {


        ^---------------^

C:\SmartContracts\smartbugs-wild\contracts\0x0046f822ef4e6d51a40dd87d34ab1d5f088291a4.sol:1208:48: Warning: This function only accepts a single "bytes" argument. Please use "abi.encodePacked(...)" or a similar function to encode the data.

    if (keccak256(result) != keccak256("0") && keccak256(result) != keccak256("1")) {


                                               ^---------------^

C:\SmartContracts\smartbugs-wild\contracts\0x0046f822ef4e6d51a40dd87d34ab1d5f088291a4.sol:1208:48: Warning: The provided argument of type string memory is not implicitly convertible to expected type bytes memory.

    if (keccak256(result) != keccak256("0") && keccak256(result) != keccak256("1")) {


                                               ^---------------^

C:\SmartContracts\smartbugs-wild\contracts\0x0046f822ef4e6d51a40dd87d34ab1d5f088291a4.sol:1286:5: Warning: Invoking events without "emit" prefix is deprecated.

    BetMade(); // Trigger event


    ^-------^

C:\SmartContracts\smartbugs-wild\contracts\0x0046f822ef4e6d51a40dd87d34ab1d5f088291a4.sol:1292:21: Warning: Using contract member "balance" inherited from the address type is deprecated. Convert the contract to "address" type to access the member, for example use "address(contract).balance" instead.

    OWNERS.transfer(this.balance);


                    ^----------^

C:\SmartContracts\smartbugs-wild\contracts\0x0046f822ef4e6d51a40dd87d34ab1d5f088291a4.sol:35:5: Warning: No visibility specified. Defaulting to "public". 

    function query(uint _timestamp, string _datasource, string _arg) payable returns (bytes32 _id);


    ^---------------------------------------------------------------------------------------------^

C:\SmartContracts\smartbugs-wild\contracts\0x0046f822ef4e6d51a40dd87d34ab1d5f088291a4.sol:36:5: Warning: No visibility specified. Defaulting to "public". 

    function query_withGasLimit(uint _timestamp, string _datasource, string _arg, uint _gaslimit) payable returns (bytes32 _id);


    ^--------------------------------------------------------------------------------------------------------------------------^

C:\SmartContracts\smartbugs-wild\contracts\0x0046f822ef4e6d51a40dd87d34ab1d5f088291a4.sol:37:5: Warning: No visibility specified. Defaulting to "public". 

    function query2(uint _timestamp, string _datasource, string _arg1, string _arg2) payable returns (bytes32 _id);


    ^-------------------------------------------------------------------------------------------------------------^

C:\SmartContracts\smartbugs-wild\contracts\0x0046f822ef4e6d51a40dd87d34ab1d5f088291a4.sol:38:5: Warning: No visibility specified. Defaulting to "public". 

    function query2_withGasLimit(uint _timestamp, string _datasource, string _arg1, string _arg2, uint _gaslimit) payable returns (bytes32 _id);


    ^------------------------------------------------------------------------------------------------------------------------------------------^

C:\SmartContracts\smartbugs-wild\contracts\0x0046f822ef4e6d51a40dd87d34ab1d5f088291a4.sol:39:5: Warning: No visibility specified. Defaulting to "public". 

    function queryN(uint _timestamp, string _datasource, bytes _argN) payable returns (bytes32 _id);


    ^----------------------------------------------------------------------------------------------^

C:\SmartContracts\smartbugs-wild\contracts\0x0046f822ef4e6d51a40dd87d34ab1d5f088291a4.sol:40:5: Warning: No visibility specified. Defaulting to "public". 

    function queryN_withGasLimit(uint _timestamp, string _datasource, bytes _argN, uint _gaslimit) payable returns (bytes32 _id);


    ^---------------------------------------------------------------------------------------------------------------------------^

C:\SmartContracts\smartbugs-wild\contracts\0x0046f822ef4e6d51a40dd87d34ab1d5f088291a4.sol:41:5: Warning: No visibility specified. Defaulting to "public". 

    function getPrice(string _datasource) returns (uint _dsprice);


    ^------------------------------------------------------------^

C:\SmartContracts\smartbugs-wild\contracts\0x0046f822ef4e6d51a40dd87d34ab1d5f088291a4.sol:42:5: Warning: No visibility specified. Defaulting to "public". 

    function getPrice(string _datasource, uint gaslimit) returns (uint _dsprice);


    ^---------------------------------------------------------------------------^

C:\SmartContracts\smartbugs-wild\contracts\0x0046f822ef4e6d51a40dd87d34ab1d5f088291a4.sol:43:5: Warning: No visibility specified. Defaulting to "public". 

    function useCoupon(string _coupon);


    ^---------------------------------^

C:\SmartContracts\smartbugs-wild\contracts\0x0046f822ef4e6d51a40dd87d34ab1d5f088291a4.sol:44:5: Warning: No visibility specified. Defaulting to "public". 

    function setProofType(byte _proofType);


    ^-------------------------------------^

C:\SmartContracts\smartbugs-wild\contracts\0x0046f822ef4e6d51a40dd87d34ab1d5f088291a4.sol:45:5: Warning: No visibility specified. Defaulting to "public". 

    function setConfig(bytes32 _config);


    ^----------------------------------^

C:\SmartContracts\smartbugs-wild\contracts\0x0046f822ef4e6d51a40dd87d34ab1d5f088291a4.sol:46:5: Warning: No visibility specified. Defaulting to "public". 

    function setCustomGasPrice(uint _gasPrice);


    ^-----------------------------------------^

C:\SmartContracts\smartbugs-wild\contracts\0x0046f822ef4e6d51a40dd87d34ab1d5f088291a4.sol:47:5: Warning: No visibility specified. Defaulting to "public". 

    function randomDS_getSessionPubKeyHash() returns(bytes32);


    ^--------------------------------------------------------^

C:\SmartContracts\smartbugs-wild\contracts\0x0046f822ef4e6d51a40dd87d34ab1d5f088291a4.sol:50:5: Warning: No visibility specified. Defaulting to "public". 

    function getAddress() returns (address _addr);


    ^--------------------------------------------^

C:\SmartContracts\smartbugs-wild\contracts\0x0046f822ef4e6d51a40dd87d34ab1d5f088291a4.sol:86:34: Warning: Unused function parameter. Remove or comment out the variable name to silence this warning.

    function oraclize_setNetwork(uint8 networkID) internal returns(bool){


                                 ^-------------^

C:\SmartContracts\smartbugs-wild\contracts\0x0046f822ef4e6d51a40dd87d34ab1d5f088291a4.sol:122:5: Warning: No visibility specified. Defaulting to "public". 

    function __callback(bytes32 myid, string result) {


    ^ (Relevant source part starts here and spans across multiple lines).

C:\SmartContracts\smartbugs-wild\contracts\0x0046f822ef4e6d51a40dd87d34ab1d5f088291a4.sol:125:5: Warning: No visibility specified. Defaulting to "public". 

    function __callback(bytes32 myid, string result, bytes proof) {


    ^ (Relevant source part starts here and spans across multiple lines).

C:\SmartContracts\smartbugs-wild\contracts\0x0046f822ef4e6d51a40dd87d34ab1d5f088291a4.sol:125:25: Warning: Unused function parameter. Remove or comment out the variable name to silence this warning.

    function __callback(bytes32 myid, string result, bytes proof) {


                        ^----------^

C:\SmartContracts\smartbugs-wild\contracts\0x0046f822ef4e6d51a40dd87d34ab1d5f088291a4.sol:125:39: Warning: Unused function parameter. Remove or comment out the variable name to silence this warning.

    function __callback(bytes32 myid, string result, bytes proof) {


                                      ^-----------^

C:\SmartContracts\smartbugs-wild\contracts\0x0046f822ef4e6d51a40dd87d34ab1d5f088291a4.sol:125:54: Warning: Unused function parameter. Remove or comment out the variable name to silence this warning.

    function __callback(bytes32 myid, string result, bytes proof) {


                                                     ^---------^

C:\SmartContracts\smartbugs-wild\contracts\0x0046f822ef4e6d51a40dd87d34ab1d5f088291a4.sol:1202:55: Warning: Unused function parameter. Remove or comment out the variable name to silence this warning.

  function __callback(bytes32 queryId, string result, bytes proof) public canDetermineWinner {


                                                      ^---------^

C:\SmartContracts\smartbugs-wild\contracts\0x0046f822ef4e6d51a40dd87d34ab1d5f088291a4.sol:1315:19: Error: Division by zero.

    ownerPayout = (losingChunk - oraclizeFees) / COMMISSION; // Payout to the owner; commission of losing pot, minus the same % of the fees


                  ^---------------------------------------^

C:\SmartContracts\smartbugs-wild\contracts\0x0046f822ef4e6d51a40dd87d34ab1d5f088291a4.sol:1317:64: Error: Division by zero.

 ... oraclizeFees / COMMISSION ... 

     ^-----------------------^
2026-08-09 02:17:36,583 INFO Processing C:\SmartContracts\smartbugs-wild\contracts\0x004904cb627fe62d46486c41a3d79f3cdf6b0460.sol
2026-08-09 02:17:37,959 INFO Compiler 0.4.26 (SUCCESS)
2026-08-09 02:17:37,959 INFO Slither start: C:\SmartContracts\smartbugs-wild\contracts\0x004904cb627fe62d46486c41a3d79f3cdf6b0460.sol
2026-08-09 02:17:41,723 INFO Slither completion; findings=22; seconds=3.752
2026-08-09 02:17:42,809 INFO Processing C:\SmartContracts\smartbugs-wild\contracts\0x004a0ea16df8e38e9107461dffe34d6a7f9caab1.sol
2026-08-09 02:17:44,351 INFO Compiler 0.4.26 (SUCCESS)
2026-08-09 02:17:44,351 INFO Slither start: C:\SmartContracts\smartbugs-wild\contracts\0x004a0ea16df8e38e9107461dffe34d6a7f9caab1.sol
2026-08-09 02:17:51,954 INFO Slither completion; findings=188; seconds=7.291
2026-08-09 02:17:53,009 INFO Processing C:\SmartContracts\smartbugs-wild\contracts\0x004def62c71992615cf22786d0b7efb22850df4a.sol
2026-08-09 02:18:24,112 INFO Compiler 0.4.21 (SUCCESS)
2026-08-09 02:18:24,112 INFO Slither start: C:\SmartContracts\smartbugs-wild\contracts\0x004def62c71992615cf22786d0b7efb22850df4a.sol
2026-08-09 02:18:29,554 INFO Slither completion; findings=10; seconds=5.427
2026-08-09 02:18:30,724 INFO Processing C:\SmartContracts\smartbugs-wild\contracts\0x004e702aa7e3850f7da045f65da3218059b09381.sol
2026-08-09 02:18:32,226 INFO Compiler 0.4.26 (SUCCESS)
2026-08-09 02:18:32,227 INFO Slither start: C:\SmartContracts\smartbugs-wild\contracts\0x004e702aa7e3850f7da045f65da3218059b09381.sol
2026-08-09 02:18:35,907 INFO Slither completion; findings=11; seconds=3.673
2026-08-09 02:18:36,945 INFO Processing C:\SmartContracts\smartbugs-wild\contracts\0x004fd00dc156ff5ce5da0a7082934d4122f8bd3f.sol
2026-08-09 02:18:38,357 INFO Compiler 0.4.24 (SUCCESS)
2026-08-09 02:18:38,357 INFO Slither start: C:\SmartContracts\smartbugs-wild\contracts\0x004fd00dc156ff5ce5da0a7082934d4122f8bd3f.sol
2026-08-09 02:18:42,136 INFO Slither completion; findings=7; seconds=3.772
2026-08-09 02:18:43,188 INFO Processing C:\SmartContracts\smartbugs-wild\contracts\0x0051d363a60bd98d8a10927d10708e5ef853b306.sol
2026-08-09 02:18:44,546 INFO Compiler 0.4.26 (SUCCESS)
2026-08-09 02:18:44,547 INFO Slither start: C:\SmartContracts\smartbugs-wild\contracts\0x0051d363a60bd98d8a10927d10708e5ef853b306.sol
2026-08-09 02:18:48,125 INFO Slither completion; findings=23; seconds=3.571
2026-08-09 02:18:49,141 INFO Processing C:\SmartContracts\smartbugs-wild\contracts\0x005275450e77bfa6bcbd04d85175d5d0f2dfae43.sol
2026-08-09 02:18:50,481 INFO Compiler 0.4.26 (SUCCESS)
2026-08-09 02:18:50,481 INFO Slither start: C:\SmartContracts\smartbugs-wild\contracts\0x005275450e77bfa6bcbd04d85175d5d0f2dfae43.sol
2026-08-09 02:18:54,360 INFO Slither completion; findings=29; seconds=3.869
2026-08-09 02:18:55,588 INFO Processing C:\SmartContracts\smartbugs-wild\contracts\0x00539863217abd04b374a422c855e4c71ed1019a.sol
2026-08-09 02:18:57,432 INFO Compiler 0.4.26 (SUCCESS)
2026-08-09 02:18:57,432 INFO Slither start: C:\SmartContracts\smartbugs-wild\contracts\0x00539863217abd04b374a422c855e4c71ed1019a.sol
2026-08-09 02:19:01,215 INFO Slither completion; findings=3; seconds=3.777
2026-08-09 02:19:02,184 INFO Processing C:\SmartContracts\smartbugs-wild\contracts\0x0054265eea0ad4dd25895fff4899fc42c41dc6f6.sol
2026-08-09 02:19:03,576 INFO Compiler 0.4.24 (SUCCESS)
2026-08-09 02:19:03,577 INFO Slither start: C:\SmartContracts\smartbugs-wild\contracts\0x0054265eea0ad4dd25895fff4899fc42c41dc6f6.sol
2026-08-09 02:19:07,943 INFO Slither completion; findings=69; seconds=4.343
2026-08-09 02:19:09,003 INFO Processing C:\SmartContracts\smartbugs-wild\contracts\0x0056a6ac46c0540b9b39bfeecae0c9482f80f809.sol
2026-08-09 02:19:10,390 INFO Compiler 0.4.26 (SUCCESS)
2026-08-09 02:19:10,391 INFO Slither start: C:\SmartContracts\smartbugs-wild\contracts\0x0056a6ac46c0540b9b39bfeecae0c9482f80f809.sol
2026-08-09 02:19:14,119 INFO Slither completion; findings=20; seconds=3.715
2026-08-09 02:19:15,196 INFO Processing C:\SmartContracts\smartbugs-wild\contracts\0x00571808479ced690a6948992e32b1f3e69df557.sol
2026-08-09 02:19:16,612 INFO Compiler 0.4.26 (SUCCESS)
2026-08-09 02:19:16,613 INFO Slither start: C:\SmartContracts\smartbugs-wild\contracts\0x00571808479ced690a6948992e32b1f3e69df557.sol
2026-08-09 02:19:20,328 INFO Slither completion; findings=10; seconds=3.709
2026-08-09 02:19:21,507 INFO Processing C:\SmartContracts\smartbugs-wild\contracts\0x0057826d01b84775dbc9b3a5ba1152b095988481.sol
2026-08-09 02:19:22,964 INFO Compiler 0.4.26 (SUCCESS)
2026-08-09 02:19:22,965 INFO Slither start: C:\SmartContracts\smartbugs-wild\contracts\0x0057826d01b84775dbc9b3a5ba1152b095988481.sol
2026-08-09 02:19:26,770 INFO Slither completion; findings=21; seconds=3.795
2026-08-09 02:19:27,773 INFO Processing C:\SmartContracts\smartbugs-wild\contracts\0x005aae78c0de67642c728504dc9d264ecb9bb312.sol
2026-08-09 02:19:29,242 INFO Compiler 0.4.26 (SUCCESS)
2026-08-09 02:19:29,243 INFO Slither start: C:\SmartContracts\smartbugs-wild\contracts\0x005aae78c0de67642c728504dc9d264ecb9bb312.sol
2026-08-09 02:19:33,273 INFO Slither completion; findings=11; seconds=4.024
2026-08-09 02:19:34,351 INFO Processing C:\SmartContracts\smartbugs-wild\contracts\0x005c03671f914748598b1302a60cc586e9825a33.sol
2026-08-09 02:19:36,016 INFO Compiler 0.5.8 (SUCCESS)
2026-08-09 02:19:36,017 INFO Slither start: C:\SmartContracts\smartbugs-wild\contracts\0x005c03671f914748598b1302a60cc586e9825a33.sol
2026-08-09 02:19:39,658 INFO Slither completion; findings=10; seconds=3.631
2026-08-09 02:19:40,706 INFO Processing C:\SmartContracts\smartbugs-wild\contracts\0x005f977f633d1c23748294671b0e69f3512e6702.sol
2026-08-09 02:19:42,055 INFO Compiler 0.4.26 (SUCCESS)
2026-08-09 02:19:42,055 INFO Slither start: C:\SmartContracts\smartbugs-wild\contracts\0x005f977f633d1c23748294671b0e69f3512e6702.sol
2026-08-09 02:19:45,912 INFO Slither completion; findings=8; seconds=3.850
2026-08-09 02:19:46,943 INFO Processing C:\SmartContracts\smartbugs-wild\contracts\0x0061fe2189c995e585d3214e2302a2c600739972.sol
2026-08-09 02:19:48,336 INFO Compiler 0.4.26 (SUCCESS)
2026-08-09 02:19:48,336 INFO Slither start: C:\SmartContracts\smartbugs-wild\contracts\0x0061fe2189c995e585d3214e2302a2c600739972.sol
2026-08-09 02:19:51,933 INFO Slither completion; findings=22; seconds=3.587
2026-08-09 02:19:53,027 INFO Processing C:\SmartContracts\smartbugs-wild\contracts\0x0064353c557afe927866f0f3b748bc271c385d71.sol
2026-08-09 02:20:47,193 INFO Compiler 0.4.19 (SUCCESS)
2026-08-09 02:20:47,193 INFO Slither start: C:\SmartContracts\smartbugs-wild\contracts\0x0064353c557afe927866f0f3b748bc271c385d71.sol
2026-08-09 02:20:54,419 INFO Slither completion; findings=34; seconds=7.200
2026-08-09 02:20:55,528 INFO Processing C:\SmartContracts\smartbugs-wild\contracts\0x00674045bb7c17f0aa1cde34780d6c51af548728.sol
2026-08-09 02:21:21,637 INFO Compiler 0.4.14 (SUCCESS)
2026-08-09 02:21:21,638 INFO Slither start: C:\SmartContracts\smartbugs-wild\contracts\0x00674045bb7c17f0aa1cde34780d6c51af548728.sol
2026-08-09 02:21:27,004 INFO Slither completion; findings=28; seconds=5.350
2026-08-09 02:21:28,107 INFO Processing C:\SmartContracts\smartbugs-wild\contracts\0x00676065a7854163c6a4d5f474496514d03e31c4.sol
2026-08-09 02:21:29,611 INFO Compiler 0.4.26 (SUCCESS)
2026-08-09 02:21:29,611 INFO Slither start: C:\SmartContracts\smartbugs-wild\contracts\0x00676065a7854163c6a4d5f474496514d03e31c4.sol
2026-08-09 02:21:33,980 INFO Slither completion; findings=62; seconds=4.315
2026-08-09 02:21:35,050 INFO Processing C:\SmartContracts\smartbugs-wild\contracts\0x00685230359bdb9e16704e1d3918b553e9a015e2.sol
2026-08-09 02:21:36,489 INFO Compiler 0.4.26 (SUCCESS)
2026-08-09 02:21:36,489 INFO Slither start: C:\SmartContracts\smartbugs-wild\contracts\0x00685230359bdb9e16704e1d3918b553e9a015e2.sol
2026-08-09 02:21:42,596 INFO Slither completion; findings=156; seconds=6.027
2026-08-09 02:21:44,040 INFO Processing C:\SmartContracts\smartbugs-wild\contracts\0x0069e491f2ed9e562a7c9c92ba40f73d946718e0.sol
2026-08-09 02:21:45,779 INFO Compiler 0.4.26 (SUCCESS)
2026-08-09 02:21:45,779 INFO Slither start: C:\SmartContracts\smartbugs-wild\contracts\0x0069e491f2ed9e562a7c9c92ba40f73d946718e0.sol
2026-08-09 02:21:49,434 INFO Slither completion; findings=21; seconds=3.640
2026-08-09 02:21:50,567 INFO Processing C:\SmartContracts\smartbugs-wild\contracts\0x006b4425ba57148466c0c54af1c484348a14a8a4.sol
2026-08-09 02:21:52,022 INFO Compiler 0.4.26 (SUCCESS)
2026-08-09 02:21:52,023 INFO Slither start: C:\SmartContracts\smartbugs-wild\contracts\0x006b4425ba57148466c0c54af1c484348a14a8a4.sol
2026-08-09 02:21:57,408 INFO Slither completion; findings=61; seconds=5.320
2026-08-09 02:21:58,874 INFO Processing C:\SmartContracts\smartbugs-wild\contracts\0x006be10c718c78f5c4d4e767377ea6d9dfa8dd06.sol
2026-08-09 02:22:00,526 INFO Compiler 0.5.8 (SUCCESS)
2026-08-09 02:22:00,527 INFO Slither start: C:\SmartContracts\smartbugs-wild\contracts\0x006be10c718c78f5c4d4e767377ea6d9dfa8dd06.sol
2026-08-09 02:22:04,131 INFO Slither completion; findings=15; seconds=3.593
2026-08-09 02:22:05,603 INFO Processing C:\SmartContracts\smartbugs-wild\contracts\0x006bea43baa3f7a6f765f14f10a1a1b08334ef45.sol
2026-08-09 02:22:07,216 INFO Compiler 0.4.26 (SUCCESS)
2026-08-09 02:22:07,216 INFO Slither start: C:\SmartContracts\smartbugs-wild\contracts\0x006bea43baa3f7a6f765f14f10a1a1b08334ef45.sol
2026-08-09 02:22:12,701 INFO Slither completion; findings=93; seconds=5.448
2026-08-09 02:22:14,137 INFO Processing C:\SmartContracts\smartbugs-wild\contracts\0x006ff3494c04680cfbf39b0396054486f3f6ad32.sol
2026-08-09 02:22:15,603 INFO Compiler 0.4.26 (SUCCESS)
2026-08-09 02:22:15,604 INFO Slither start: C:\SmartContracts\smartbugs-wild\contracts\0x006ff3494c04680cfbf39b0396054486f3f6ad32.sol
2026-08-09 02:22:19,140 INFO Slither completion; findings=15; seconds=3.528
2026-08-09 02:22:20,493 INFO Processing C:\SmartContracts\smartbugs-wild\contracts\0x007323cbe37f29229de49136b51d3559b2a0c44f.sol
2026-08-09 02:22:21,946 INFO Compiler 0.4.26 (SUCCESS)
2026-08-09 02:22:21,947 INFO Slither start: C:\SmartContracts\smartbugs-wild\contracts\0x007323cbe37f29229de49136b51d3559b2a0c44f.sol
2026-08-09 02:22:26,549 INFO Slither completion; findings=66; seconds=4.585
2026-08-09 10:51:15,313 INFO Processing C:\SmartContracts\smartbugs-wild\contracts\0x0039019392b1ea93cd1277f75986fdf2407fe254.sol
2026-08-09 10:51:16,507 INFO Compiler 0.4.26 (SUCCESS)
2026-08-09 10:51:16,507 INFO Slither start: C:\SmartContracts\smartbugs-wild\contracts\0x0039019392b1ea93cd1277f75986fdf2407fe254.sol
2026-08-09 10:51:19,428 INFO Slither completion; findings=72; seconds=2.901
2026-08-09 10:51:20,245 INFO Processing C:\SmartContracts\smartbugs-wild\contracts\0x0046f822ef4e6d51a40dd87d34ab1d5f088291a4.sol
2026-08-09 10:51:21,064 INFO Compiler 0.4.26 (SUCCESS)
2026-08-09 10:51:21,064 INFO Slither start: C:\SmartContracts\smartbugs-wild\contracts\0x0046f822ef4e6d51a40dd87d34ab1d5f088291a4.sol
2026-08-09 10:51:22,895 ERROR Slither failure: Traceback (most recent call last):
  File "C:\Users\Sridha\AppData\Local\Programs\Python\Python313\Lib\site-packages\crytic_compile\platform\solc.py", line 639, in _run_solc
    ret: dict = json.loads(stdout)
                ~~~~~~~~~~^^^^^^^^
  File "C:\Users\Sridha\AppData\Local\Programs\Python\Python313\Lib\json\__init__.py", line 346, in loads
    return _default_decoder.decode(s)
           ~~~~~~~~~~~~~~~~~~~~~~~^^^
  File "C:\Users\Sridha\AppData\Local\Programs\Python\Python313\Lib\json\decoder.py", line 345, in decode
    obj, end = self.raw_decode(s, idx=_w(s, 0).end())
               ~~~~~~~~~~~~~~~^^^^^^^^^^^^^^^^^^^^^^^
  File "C:\Users\Sridha\AppData\Local\Programs\Python\Python313\Lib\json\decoder.py", line 363, in raw_decode
    raise JSONDecodeError("Expecting value", s, err.value) from None
json.decoder.JSONDecodeError: Expecting value: line 1 column 1 (char 0)

During handling of the above exception, another exception occurred:

Traceback (most recent call last):
  File "<frozen runpy>", line 198, in _run_module_as_main
  File "<frozen runpy>", line 88, in _run_code
  File "C:\Users\Sridha\AppData\Local\Programs\Python\Python313\Scripts\slither.exe\__main__.py", line 5, in <module>
    sys.exit(main())
             ~~~~^^
  File "C:\Users\Sridha\AppData\Local\Programs\Python\Python313\Lib\site-packages\slither\__main__.py", line 815, in main
    main_impl(all_detector_classes=detectors, all_printer_classes=printers)
    ~~~~~~~~~^^^^^^^^^^^^^^^^^^^^^^^^^^^^^^^^^^^^^^^^^^^^^^^^^^^^^^^^^^^^^^
  File "C:\Users\Sridha\AppData\Local\Programs\Python\Python313\Lib\site-packages\slither\__main__.py", line 936, in main_impl
    ) = process_all(filename, args, detector_classes, printer_classes)
        ~~~~~~~~~~~^^^^^^^^^^^^^^^^^^^^^^^^^^^^^^^^^^^^^^^^^^^^^^^^^^^
  File "C:\Users\Sridha\AppData\Local\Programs\Python\Python313\Lib\site-packages\slither\__main__.py", line 100, in process_all
    compilations = compile_all(target, **vars(args))
  File "C:\Users\Sridha\AppData\Local\Programs\Python\Python313\Lib\site-packages\crytic_compile\crytic_compile.py", line 870, in compile_all
    compilations.append(CryticCompile(target, **kwargs))
                        ~~~~~~~~~~~~~^^^^^^^^^^^^^^^^^^
  File "C:\Users\Sridha\AppData\Local\Programs\Python\Python313\Lib\site-packages\crytic_compile\crytic_compile.py", line 279, in __init__
    self._compile(**kwargs)
    ~~~~~~~~~~~~~^^^^^^^^^^
  File "C:\Users\Sridha\AppData\Local\Programs\Python\Python313\Lib\site-packages\crytic_compile\crytic_compile.py", line 725, in _compile
    self._platform.compile(self, **kwargs)
    ~~~~~~~~~~~~~~~~~~~~~~^^^^^^^^^^^^^^^^
  File "C:\Users\Sridha\AppData\Local\Programs\Python\Python313\Lib\site-packages\crytic_compile\platform\solc.py", line 195, in compile
    targets_json = _get_targets_json(compilation_unit, self._target, **kwargs)
  File "C:\Users\Sridha\AppData\Local\Programs\Python\Python313\Lib\site-packages\crytic_compile\platform\solc.py", line 324, in _get_targets_json
    return _run_solc(
        compilation_unit,
    ...<6 lines>...
        force_legacy_json=force_legacy_json,
    )
  File "C:\Users\Sridha\AppData\Local\Programs\Python\Python313\Lib\site-packages\crytic_compile\platform\solc.py", line 642, in _run_solc
    raise InvalidCompilation(f"Invalid solc compilation {stderr}")
crytic_compile.platform.exceptions.InvalidCompilation: Invalid solc compilation C:\SmartContracts\smartbugs-wild\contracts\0x0046f822ef4e6d51a40dd87d34ab1d5f088291a4.sol:766:45: Warning: "throw" is deprecated in favour of "revert()", "require()" and "assert()".

        if ((_nbytes == 0)||(_nbytes > 32)) throw;


                                            ^---^

C:\SmartContracts\smartbugs-wild\contracts\0x0046f822ef4e6d51a40dd87d34ab1d5f088291a4.sol:856:71: Warning: "throw" is deprecated in favour of "revert()", "require()" and "assert()".

        if ((_proof[0] != "L")||(_proof[1] != "P")||(_proof[2] != 1)) throw;


                                                                      ^---^

C:\SmartContracts\smartbugs-wild\contracts\0x0046f822ef4e6d51a40dd87d34ab1d5f088291a4.sol:859:37: Warning: "throw" is deprecated in favour of "revert()", "require()" and "assert()".

        if (proofVerified == false) throw;


                                    ^---^

C:\SmartContracts\smartbugs-wild\contracts\0x0046f822ef4e6d51a40dd87d34ab1d5f088291a4.sol:933:13: Warning: "throw" is deprecated in favour of "revert()", "require()" and "assert()".

            throw; // Should be a better way?


            ^---^

C:\SmartContracts\smartbugs-wild\contracts\0x0046f822ef4e6d51a40dd87d34ab1d5f088291a4.sol:1129:3: Warning: Defining constructors as functions with the same name as the contract is deprecated. Use "constructor(...) { ... }" instead.

  function ETH500on719() public payable {


  ^ (Relevant source part starts here and spans across multiple lines).

C:\SmartContracts\smartbugs-wild\contracts\0x0046f822ef4e6d51a40dd87d34ab1d5f088291a4.sol:780:50: Warning: "sha3" has been deprecated in favour of "keccak256"

        oraclize_randomDS_setCommitment(queryId, sha3(bytes8(_delay), args[1], sha256(args[0]), args[2]));


                                                 ^-----------------------------------------------------^

C:\SmartContracts\smartbugs-wild\contracts\0x0046f822ef4e6d51a40dd87d34ab1d5f088291a4.sol:780:50: Warning: This function only accepts a single "bytes" argument. Please use "abi.encodePacked(...)" or a similar function to encode the data.

        oraclize_randomDS_setCommitment(queryId, sha3(bytes8(_delay), args[1], sha256(args[0]), args[2]));


                                                 ^-----------------------------------------------------^

C:\SmartContracts\smartbugs-wild\contracts\0x0046f822ef4e6d51a40dd87d34ab1d5f088291a4.sol:812:21: Warning: "sha3" has been deprecated in favour of "keccak256"

        if (address(sha3(pubkey)) == signer) return true;


                    ^----------^

C:\SmartContracts\smartbugs-wild\contracts\0x0046f822ef4e6d51a40dd87d34ab1d5f088291a4.sol:815:29: Warning: "sha3" has been deprecated in favour of "keccak256"

            return (address(sha3(pubkey)) == signer);


                            ^----------^

C:\SmartContracts\smartbugs-wild\contracts\0x0046f822ef4e6d51a40dd87d34ab1d5f088291a4.sol:830:22: Warning: Decimal literal assigned to bytesXX variable will be left-aligned. Use an explicit conversion to silence this warning.

        tosign2[0] = 1; //role


                     ^

C:\SmartContracts\smartbugs-wild\contracts\0x0046f822ef4e6d51a40dd87d34ab1d5f088291a4.sol:890:15: Warning: "sha3" has been deprecated in favour of "keccak256"

        if (!(sha3(keyhash) == sha3(sha256(context_name, queryId)))) return false;


              ^-----------^

C:\SmartContracts\smartbugs-wild\contracts\0x0046f822ef4e6d51a40dd87d34ab1d5f088291a4.sol:890:37: Warning: This function only accepts a single "bytes" argument. Please use "abi.encodePacked(...)" or a similar function to encode the data.

        if (!(sha3(keyhash) == sha3(sha256(context_name, queryId)))) return false;


                                    ^---------------------------^

C:\SmartContracts\smartbugs-wild\contracts\0x0046f822ef4e6d51a40dd87d34ab1d5f088291a4.sol:890:32: Warning: "sha3" has been deprecated in favour of "keccak256"

        if (!(sha3(keyhash) == sha3(sha256(context_name, queryId)))) return false;


                               ^---------------------------------^

C:\SmartContracts\smartbugs-wild\contracts\0x0046f822ef4e6d51a40dd87d34ab1d5f088291a4.sol:890:32: Warning: This function only accepts a single "bytes" argument. Please use "abi.encodePacked(...)" or a similar function to encode the data.

        if (!(sha3(keyhash) == sha3(sha256(context_name, queryId)))) return false;


                               ^---------------------------------^

C:\SmartContracts\smartbugs-wild\contracts\0x0046f822ef4e6d51a40dd87d34ab1d5f088291a4.sol:890:32: Warning: The provided argument of type bytes32 is not implicitly convertible to expected type bytes memory.

        if (!(sha3(keyhash) == sha3(sha256(context_name, queryId)))) return false;


                               ^---------------------------------^

C:\SmartContracts\smartbugs-wild\contracts\0x0046f822ef4e6d51a40dd87d34ab1d5f088291a4.sol:908:48: Warning: "sha3" has been deprecated in favour of "keccak256"

        if (oraclize_randomDS_args[queryId] == sha3(commitmentSlice1, sessionPubkeyHash)){ //unonce, nbytes and sessionKeyHash match


                                               ^---------------------------------------^

C:\SmartContracts\smartbugs-wild\contracts\0x0046f822ef4e6d51a40dd87d34ab1d5f088291a4.sol:908:48: Warning: This function only accepts a single "bytes" argument. Please use "abi.encodePacked(...)" or a similar function to encode the data.

        if (oraclize_randomDS_args[queryId] == sha3(commitmentSlice1, sessionPubkeyHash)){ //unonce, nbytes and sessionKeyHash match


                                               ^---------------------------------------^

C:\SmartContracts\smartbugs-wild\contracts\0x0046f822ef4e6d51a40dd87d34ab1d5f088291a4.sol:1208:9: Warning: This function only accepts a single "bytes" argument. Please use "abi.encodePacked(...)" or a similar function to encode the data.

    if (keccak256(result) != keccak256("0") && keccak256(result) != keccak256("1")) {


        ^---------------^

C:\SmartContracts\smartbugs-wild\contracts\0x0046f822ef4e6d51a40dd87d34ab1d5f088291a4.sol:1208:9: Warning: The provided argument of type string memory is not implicitly convertible to expected type bytes memory.

    if (keccak256(result) != keccak256("0") && keccak256(result) != keccak256("1")) {


        ^---------------^

C:\SmartContracts\smartbugs-wild\contracts\0x0046f822ef4e6d51a40dd87d34ab1d5f088291a4.sol:1208:48: Warning: This function only accepts a single "bytes" argument. Please use "abi.encodePacked(...)" or a similar function to encode the data.

    if (keccak256(result) != keccak256("0") && keccak256(result) != keccak256("1")) {


                                               ^---------------^

C:\SmartContracts\smartbugs-wild\contracts\0x0046f822ef4e6d51a40dd87d34ab1d5f088291a4.sol:1208:48: Warning: The provided argument of type string memory is not implicitly convertible to expected type bytes memory.

    if (keccak256(result) != keccak256("0") && keccak256(result) != keccak256("1")) {


                                               ^---------------^

C:\SmartContracts\smartbugs-wild\contracts\0x0046f822ef4e6d51a40dd87d34ab1d5f088291a4.sol:1286:5: Warning: Invoking events without "emit" prefix is deprecated.

    BetMade(); // Trigger event


    ^-------^

C:\SmartContracts\smartbugs-wild\contracts\0x0046f822ef4e6d51a40dd87d34ab1d5f088291a4.sol:1292:21: Warning: Using contract member "balance" inherited from the address type is deprecated. Convert the contract to "address" type to access the member, for example use "address(contract).balance" instead.

    OWNERS.transfer(this.balance);


                    ^----------^

C:\SmartContracts\smartbugs-wild\contracts\0x0046f822ef4e6d51a40dd87d34ab1d5f088291a4.sol:35:5: Warning: No visibility specified. Defaulting to "public". 

    function query(uint _timestamp, string _datasource, string _arg) payable returns (bytes32 _id);


    ^---------------------------------------------------------------------------------------------^

C:\SmartContracts\smartbugs-wild\contracts\0x0046f822ef4e6d51a40dd87d34ab1d5f088291a4.sol:36:5: Warning: No visibility specified. Defaulting to "public". 

    function query_withGasLimit(uint _timestamp, string _datasource, string _arg, uint _gaslimit) payable returns (bytes32 _id);


    ^--------------------------------------------------------------------------------------------------------------------------^

C:\SmartContracts\smartbugs-wild\contracts\0x0046f822ef4e6d51a40dd87d34ab1d5f088291a4.sol:37:5: Warning: No visibility specified. Defaulting to "public". 

    function query2(uint _timestamp, string _datasource, string _arg1, string _arg2) payable returns (bytes32 _id);


    ^-------------------------------------------------------------------------------------------------------------^

C:\SmartContracts\smartbugs-wild\contracts\0x0046f822ef4e6d51a40dd87d34ab1d5f088291a4.sol:38:5: Warning: No visibility specified. Defaulting to "public". 

    function query2_withGasLimit(uint _timestamp, string _datasource, string _arg1, string _arg2, uint _gaslimit) payable returns (bytes32 _id);


    ^------------------------------------------------------------------------------------------------------------------------------------------^

C:\SmartContracts\smartbugs-wild\contracts\0x0046f822ef4e6d51a40dd87d34ab1d5f088291a4.sol:39:5: Warning: No visibility specified. Defaulting to "public". 

    function queryN(uint _timestamp, string _datasource, bytes _argN) payable returns (bytes32 _id);


    ^----------------------------------------------------------------------------------------------^

C:\SmartContracts\smartbugs-wild\contracts\0x0046f822ef4e6d51a40dd87d34ab1d5f088291a4.sol:40:5: Warning: No visibility specified. Defaulting to "public". 

    function queryN_withGasLimit(uint _timestamp, string _datasource, bytes _argN, uint _gaslimit) payable returns (bytes32 _id);


    ^---------------------------------------------------------------------------------------------------------------------------^

C:\SmartContracts\smartbugs-wild\contracts\0x0046f822ef4e6d51a40dd87d34ab1d5f088291a4.sol:41:5: Warning: No visibility specified. Defaulting to "public". 

    function getPrice(string _datasource) returns (uint _dsprice);


    ^------------------------------------------------------------^

C:\SmartContracts\smartbugs-wild\contracts\0x0046f822ef4e6d51a40dd87d34ab1d5f088291a4.sol:42:5: Warning: No visibility specified. Defaulting to "public". 

    function getPrice(string _datasource, uint gaslimit) returns (uint _dsprice);


    ^---------------------------------------------------------------------------^

C:\SmartContracts\smartbugs-wild\contracts\0x0046f822ef4e6d51a40dd87d34ab1d5f088291a4.sol:43:5: Warning: No visibility specified. Defaulting to "public". 

    function useCoupon(string _coupon);


    ^---------------------------------^

C:\SmartContracts\smartbugs-wild\contracts\0x0046f822ef4e6d51a40dd87d34ab1d5f088291a4.sol:44:5: Warning: No visibility specified. Defaulting to "public". 

    function setProofType(byte _proofType);


    ^-------------------------------------^

C:\SmartContracts\smartbugs-wild\contracts\0x0046f822ef4e6d51a40dd87d34ab1d5f088291a4.sol:45:5: Warning: No visibility specified. Defaulting to "public". 

    function setConfig(bytes32 _config);


    ^----------------------------------^

C:\SmartContracts\smartbugs-wild\contracts\0x0046f822ef4e6d51a40dd87d34ab1d5f088291a4.sol:46:5: Warning: No visibility specified. Defaulting to "public". 

    function setCustomGasPrice(uint _gasPrice);


    ^-----------------------------------------^

C:\SmartContracts\smartbugs-wild\contracts\0x0046f822ef4e6d51a40dd87d34ab1d5f088291a4.sol:47:5: Warning: No visibility specified. Defaulting to "public". 

    function randomDS_getSessionPubKeyHash() returns(bytes32);


    ^--------------------------------------------------------^

C:\SmartContracts\smartbugs-wild\contracts\0x0046f822ef4e6d51a40dd87d34ab1d5f088291a4.sol:50:5: Warning: No visibility specified. Defaulting to "public". 

    function getAddress() returns (address _addr);


    ^--------------------------------------------^

C:\SmartContracts\smartbugs-wild\contracts\0x0046f822ef4e6d51a40dd87d34ab1d5f088291a4.sol:86:34: Warning: Unused function parameter. Remove or comment out the variable name to silence this warning.

    function oraclize_setNetwork(uint8 networkID) internal returns(bool){


                                 ^-------------^

C:\SmartContracts\smartbugs-wild\contracts\0x0046f822ef4e6d51a40dd87d34ab1d5f088291a4.sol:122:5: Warning: No visibility specified. Defaulting to "public". 

    function __callback(bytes32 myid, string result) {


    ^ (Relevant source part starts here and spans across multiple lines).

C:\SmartContracts\smartbugs-wild\contracts\0x0046f822ef4e6d51a40dd87d34ab1d5f088291a4.sol:125:5: Warning: No visibility specified. Defaulting to "public". 

    function __callback(bytes32 myid, string result, bytes proof) {


    ^ (Relevant source part starts here and spans across multiple lines).

C:\SmartContracts\smartbugs-wild\contracts\0x0046f822ef4e6d51a40dd87d34ab1d5f088291a4.sol:125:25: Warning: Unused function parameter. Remove or comment out the variable name to silence this warning.

    function __callback(bytes32 myid, string result, bytes proof) {


                        ^----------^

C:\SmartContracts\smartbugs-wild\contracts\0x0046f822ef4e6d51a40dd87d34ab1d5f088291a4.sol:125:39: Warning: Unused function parameter. Remove or comment out the variable name to silence this warning.

    function __callback(bytes32 myid, string result, bytes proof) {


                                      ^-----------^

C:\SmartContracts\smartbugs-wild\contracts\0x0046f822ef4e6d51a40dd87d34ab1d5f088291a4.sol:125:54: Warning: Unused function parameter. Remove or comment out the variable name to silence this warning.

    function __callback(bytes32 myid, string result, bytes proof) {


                                                     ^---------^

C:\SmartContracts\smartbugs-wild\contracts\0x0046f822ef4e6d51a40dd87d34ab1d5f088291a4.sol:1202:55: Warning: Unused function parameter. Remove or comment out the variable name to silence this warning.

  function __callback(bytes32 queryId, string result, bytes proof) public canDetermineWinner {


                                                      ^---------^

C:\SmartContracts\smartbugs-wild\contracts\0x0046f822ef4e6d51a40dd87d34ab1d5f088291a4.sol:1315:19: Error: Division by zero.

    ownerPayout = (losingChunk - oraclizeFees) / COMMISSION; // Payout to the owner; commission of losing pot, minus the same % of the fees


                  ^---------------------------------------^

C:\SmartContracts\smartbugs-wild\contracts\0x0046f822ef4e6d51a40dd87d34ab1d5f088291a4.sol:1317:64: Error: Division by zero.

 ... oraclizeFees / COMMISSION ... 

     ^-----------------------^
